Date,Price bitcoin,Price cardano,Price chainlink,Price dogecoin,Price ethereum,Price litecoin,Price ripple,Price polkadot,Price solana,Price uniswap
2021-01-02,32163.82,0.178,12.22,0.0106,777.7,137.7,0.222,9.22,1.8,4.86
2021-01-03,33008.23,0.205,13.65,0.01009,967.0,159.5,0.226,10.28,2.15,5.41
2021-01-04,31515.58,0.219,13.31,0.00959,1025.65,152.07,0.235,9.26,2.42,5.27
2021-01-05,34082.21,0.259,14.58,0.00984,1103.36,159.06,0.227,9.74,2.16,6.33
2021-01-06,36933.52,0.332,17.13,0.01046,1208.58,169.28,0.252,10.1,1.92,6.41
2021-01-07,39547.08,0.301,16.06,0.00978,1229.47,170.37,0.325,9.65,2.37,6.28
2021-01-08,40815.96,0.308,15.29,0.00989,1223.73,173.14,0.322,9.31,3.23,5.9
2021-01-09,40296.53,0.333,17.68,0.01022,1282.98,177.89,0.329,9.78,3.39,6.26
2021-01-10,38397.9,0.306,16.27,0.00988,1267.73,171.36,0.319,9.33,3.47,6.02
2021-01-11,35669.91,0.277,14.53,0.00886,1092.91,139.7,0.29,8.29,3.11,5.24
2021-01-12,33938.34,0.288,13.9,0.00807,1045.41,133.0,0.294,8.26,3.59,5.56
2021-01-13,37456.01,0.311,15.96,0.00865,1132.02,147.52,0.306,11.02,3.52,6.33
2021-01-14,39232.75,0.31,17.73,0.00947,1216.91,152.22,0.296,14.39,3.28,6.83
2021-01-15,36787.52,0.303,20.61,0.00933,1171.86,143.88,0.28,13.2,3.26,7.37
2021-01-16,36254.71,0.352,20.5,0.00926,1234.63,144.27,0.28,18.28,3.45,8.42
2021-01-17,35804.26,0.38,23.3,0.00903,1229.38,142.33,0.277,16.94,3.82,8.67
2021-01-18,36595.46,0.37,21.97,0.00916,1255.98,152.06,0.285,16.42,3.78,9.19
2021-01-19,36104.86,0.369,20.84,0.00905,1383.48,153.43,0.295,16.5,3.64,8.62
2021-01-20,35587.49,0.376,21.9,0.00905,1385.85,149.86,0.296,17.97,3.73,9.03
2021-01-21,30913.7,0.311,18.47,0.00816,1122.91,130.16,0.269,16.0,3.0,7.64
2021-01-22,32957.91,0.351,21.66,0.00852,1236.68,137.95,0.273,17.15,3.34,8.71
2021-01-23,32068.09,0.346,24.75,0.00857,1231.18,137.74,0.271,18.6,3.5,9.3
2021-01-24,32273.52,0.352,24.69,0.00873,1392.54,141.74,0.274,18.0,3.63,12.01
2021-01-25,32375.32,0.344,23.66,0.00837,1323.43,137.36,0.269,17.26,3.71,11.4
2021-01-26,32582.11,0.344,23.03,0.00828,1355.23,134.73,0.269,17.11,4.03,13.8
2021-01-27,30445.53,0.312,21.06,0.00744,1253.14,122.81,0.252,15.46,3.7,14.83
2021-01-28,33128.35,0.345,23.13,0.03264,1328.77,133.5,0.264,16.95,3.82,14.16
2021-01-29,34150.82,0.348,22.72,0.04735,1380.28,134.68,0.282,16.81,3.86,15.65
2021-01-30,34199.52,0.36,23.5,0.02852,1372.43,132.99,0.431,16.44,4.23,19.39
2021-01-31,33064.79,0.346,22.59,0.03799,1317.05,129.88,0.492,16.14,4.26,17.64
2021-02-01,33405.99,0.401,22.81,0.03459,1368.66,132.08,0.37,16.33,4.59,20.36
2021-02-02,35485.99,0.425,23.7,0.03162,1514.23,142.32,0.369,17.25,5.26,19.07
2021-02-03,37494.72,0.441,25.08,0.03738,1661.0,155.66,0.395,20.81,5.72,19.83
2021-02-04,36816.51,0.442,24.48,0.05428,1587.8,144.9,0.448,19.69,6.42,20.05
2021-02-05,38007.83,0.539,26.66,0.04706,1724.86,154.64,0.451,20.92,6.71,21.24
2021-02-06,39279.41,0.626,25.07,0.05788,1683.94,155.63,0.442,20.4,6.12,19.32
2021-02-07,38833.34,0.659,24.74,0.07908,1608.64,150.66,0.419,19.69,6.66,18.58
2021-02-08,46307.57,0.687,25.54,0.07923,1751.0,167.77,0.454,23.1,7.91,19.36
2021-02-09,46569.56,0.706,27.67,0.06998,1769.05,181.3,0.473,23.18,7.84,19.51
2021-02-10,44848.69,0.924,26.66,0.07299,1739.16,181.73,0.504,23.53,9.02,20.61
2021-02-11,47815.96,0.928,27.76,0.06975,1782.51,184.72,0.526,25.12,9.2,21.47
2021-02-12,47414.19,0.923,30.58,0.06947,1841.2,197.28,0.611,28.64,9.23,22.7
2021-02-13,46941.29,0.904,33.97,0.06687,1810.84,225.74,0.63,27.95,8.71,21.77
2021-02-14,48607.88,0.85,33.37,0.06203,1804.98,215.02,0.593,27.05,8.73,20.95
2021-02-15,47898.49,0.86,32.55,0.05691,1775.76,207.45,0.548,27.69,8.85,19.99
2021-02-16,49238.14,0.875,32.01,0.05408,1782.58,210.43,0.522,30.2,8.3,20.43
2021-02-17,52143.68,0.889,32.25,0.04914,1845.57,236.55,0.536,31.93,8.23,21.47
2021-02-18,51733.08,0.913,32.5,0.06019,1938.57,227.34,0.534,31.16,9.01,21.2
2021-02-19,56038.73,0.933,34.9,0.0555,1969.98,238.1,0.571,35.03,11.44,20.17
2021-02-20,56377.63,1.126,34.23,0.05513,1929.37,228.52,0.518,39.37,10.04,28.95
2021-02-21,57669.3,1.105,34.25,0.05661,1941.43,227.93,0.551,39.72,11.11,29.0
2021-02-22,54410.86,1.103,31.67,0.05353,1788.62,208.88,0.576,37.82,14.42,27.76
2021-02-23,48691.9,0.956,25.76,0.0475,1563.92,176.21,0.473,34.39,15.16,24.68
2021-02-24,49849.38,1.059,28.16,0.05706,1628.39,182.25,0.472,33.73,17.47,25.37
2021-02-25,46992.66,1.077,24.69,0.05022,1468.86,179.78,0.432,31.19,13.81,23.25
2021-02-26,46551.49,1.245,25.25,0.05054,1450.99,170.9,0.43,31.37,13.67,23.13
2021-02-27,46653.53,1.343,26.39,0.05087,1480.13,173.28,0.443,33.8,13.31,23.62
2021-02-28,44970.16,1.303,24.61,0.04824,1416.66,164.37,0.414,33.45,13.03,22.16
2021-03-01,49787.34,1.303,27.7,0.05102,1570.4,176.3,0.448,35.57,15.03,25.59
2021-03-02,48532.24,1.229,28.52,0.05057,1497.09,178.28,0.437,36.27,14.01,25.67
2021-03-03,50577.46,1.22,30.05,0.05075,1579.43,188.98,0.451,37.08,14.13,25.49
2021-03-04,48727.45,1.118,27.82,0.05014,1546.5,181.87,0.483,35.41,13.12,28.37
2021-03-05,49091.82,1.165,27.99,0.04992,1539.05,181.26,0.459,33.72,12.63,28.31
2021-03-06,49019.37,1.133,28.25,0.05088,1661.93,183.24,0.464,33.49,13.07,28.45
2021-03-07,51313.09,1.137,28.57,0.05184,1727.46,191.31,0.467,35.24,13.92,34.62
2021-03-08,52328.54,1.123,31.71,0.06168,1837.53,192.64,0.475,34.97,13.64,33.48
2021-03-09,54700.27,1.189,31.58,0.05787,1869.33,204.05,0.486,38.4,14.87,32.89
2021-03-10,56020.49,1.135,29.85,0.0562,1802.31,200.37,0.463,37.78,14.23,30.94
2021-03-11,57788.87,1.128,30.09,0.05595,1826.06,201.23,0.453,36.88,15.98,31.03
2021-03-12,57353.86,1.037,28.38,0.05511,1770.94,220.96,0.44,35.71,14.6,31.04
2021-03-13,61315.2,1.102,29.83,0.06193,1927.72,226.82,0.461,37.32,15.32,32.44
2021-03-14,59428.97,1.065,28.95,0.05883,1866.07,217.06,0.443,36.73,14.57,31.04
2021-03-15,55805.33,1.031,27.46,0.05688,1791.05,200.92,0.437,34.35,14.16,29.67
2021-03-16,56830.25,1.246,28.01,0.05867,1808.55,201.1,0.461,35.65,13.69,29.88
2021-03-17,59014.93,1.383,31.1,0.05837,1828.75,206.7,0.474,36.29,14.28,31.57
2021-03-18,57922.41,1.237,29.54,0.05764,1780.16,200.85,0.472,35.52,14.27,30.15
2021-03-19,58243.27,1.302,29.87,0.05844,1817.13,200.94,0.469,38.22,14.18,33.22
2021-03-20,58376.16,1.207,29.82,0.05916,1817.86,200.37,0.528,37.5,14.28,32.18
2021-03-21,57573.54,1.189,29.3,0.05738,1790.38,195.88,0.519,36.77,14.31,32.93
2021-03-22,54370.14,1.107,27.37,0.05559,1686.89,187.15,0.547,35.52,14.87,33.0
2021-03-23,54584.87,1.127,26.89,0.05377,1673.86,186.59,0.554,34.29,14.19,31.09
2021-03-24,52526.87,1.061,24.76,0.0518,1581.63,176.86,0.486,30.57,13.6,27.53
2021-03-25,51416.91,1.097,25.57,0.05101,1587.3,171.65,0.511,29.71,12.96,26.54
2021-03-26,55033.1,1.213,27.42,0.05383,1700.37,183.45,0.567,33.13,14.75,28.98
2021-03-27,55832.42,1.178,26.85,0.05479,1713.84,184.12,0.548,32.62,16.57,28.25
2021-03-28,55728.1,1.191,26.68,0.0544,1689.04,184.17,0.551,32.17,18.01,27.84
2021-03-29,57634.93,1.201,28.03,0.0549,1817.63,193.86,0.566,34.33,18.88,29.04
2021-03-30,58668.63,1.211,27.77,0.05465,1840.29,195.73,0.567,33.93,19.18,28.55
2021-03-31,58817.37,1.192,29.19,0.05438,1915.83,196.51,0.574,36.89,19.49,28.04
2021-04-01,58801.2,1.183,30.11,0.06159,1970.47,202.74,0.571,37.62,19.06,28.71
2021-04-02,59060.03,1.19,32.36,0.05787,2134.1,211.86,0.604,40.94,19.74,30.08
2021-04-03,57060.41,1.166,29.31,0.05619,2016.67,195.72,0.577,41.7,22.6,29.51
2021-04-04,58228.8,1.183,30.78,0.0579,2077.76,202.58,0.633,44.24,24.02,31.02
2021-04-05,58706.82,1.214,32.36,0.05982,2097.8,220.12,0.907,45.61,22.94,30.74
2021-04-06,58062.18,1.255,34.77,0.06463,2115.06,237.56,1.098,43.42,24.99,31.35
2021-04-07,56134.42,1.177,31.27,0.05896,1989.15,220.27,0.922,39.75,26.67,28.62
2021-04-08,58065.64,1.23,32.74,0.06168,2081.35,226.42,1.051,41.41,27.01,30.2
2021-04-09,58152.99,1.204,31.63,0.06154,2069.67,221.17,1.025,40.78,27.78,29.53
2021-04-10,59979.39,1.218,31.88,0.06388,2142.8,252.6,1.371,41.59,26.83,29.76
2021-04-11,59988.02,1.265,33.81,0.07465,2150.27,253.02,1.352,41.38,27.82,29.91
2021-04-12,59911.02,1.32,33.19,0.07102,2142.48,244.72,1.463,40.56,28.52,36.74
2021-04-13,63576.68,1.422,35.66,0.09378,2304.34,266.27,1.788,43.22,27.57,35.5
2021-04-14,62807.12,1.456,41.26,0.12017,2429.66,278.65,1.838,42.5,26.45,36.07
2021-04-15,63179.77,1.478,42.71,0.17986,2514.17,286.45,1.757,43.52,27.83,37.86
2021-04-16,61497.3,1.412,41.71,0.37416,2424.55,310.73,1.569,41.51,25.28,36.24
2021-04-17,60273.87,1.374,40.07,0.28511,2345.27,302.36,1.548,42.41,25.01,34.77
2021-04-18,56288.94,1.278,39.09,0.32003,2245.76,273.62,1.411,37.37,32.43,31.78
2021-04-19,55721.17,1.195,36.0,0.40941,2168.03,261.93,1.315,34.82,31.73,31.35
2021-04-20,56294.73,1.26,38.79,0.3257,2324.28,261.63,1.377,35.41,31.69,31.97
2021-04-21,54190.07,1.209,36.46,0.30841,2373.5,259.81,1.307,34.02,32.31,33.48
2021-04-22,51965.57,1.149,35.46,0.26379,2426.07,254.09,1.173,33.24,39.04,34.52
2021-04-23,51191.12,1.157,35.05,0.24926,2364.23,240.68,1.166,32.38,37.07,32.94
2021-04-24,50133.11,1.111,31.18,0.27049,2212.84,224.98,1.053,29.14,40.74,30.04
2021-04-25,48981.44,1.085,31.37,0.25254,2307.36,223.95,1.035,29.77,47.66,33.74
2021-04-26,53978.81,1.235,35.02,0.27183,2532.39,246.84,1.36,33.46,44.5,37.94
2021-04-27,54991.82,1.305,36.68,0.27173,2647.16,258.86,1.401,34.54,43.22,39.39
2021-04-28,54810.61,1.334,36.22,0.32266,2748.78,258.91,1.362,33.99,45.04,42.77
2021-04-29,53596.7,1.315,36.36,0.30625,2757.5,255.79,1.398,35.78,42.58,41.28
2021-04-30,57828.51,1.354,38.12,0.33878,2776.7,271.36,1.592,36.56,43.0,40.58
2021-05-01,57812.97,1.354,41.03,0.3934,2944.92,276.54,1.654,36.9,49.66,40.09
2021-05-02,56600.74,1.328,39.47,0.37869,2953.3,269.23,1.561,36.63,46.93,42.42
2021-05-03,57200.3,1.359,42.0,0.44141,3439.86,294.84,1.557,37.31,46.09,42.32
2021-05-04,53464.37,1.278,45.86,0.54392,3245.66,305.68,1.387,34.66,42.7,42.88
2021-05-05,57432.1,1.48,49.52,0.65533,3524.56,356.14,1.614,40.57,44.89,42.48
2021-05-06,56507.76,1.658,47.31,0.58113,3495.08,354.92,1.602,41.52,43.44,40.2
2021-05-07,57361.57,1.652,49.23,0.68184,3493.53,347.31,1.583,39.93,43.07,39.77
2021-05-08,58771.88,1.616,48.59,0.63362,3912.74,345.64,1.565,39.64,45.69,40.42
2021-05-09,58213.93,1.774,51.85,0.57314,3932.75,384.67,1.533,40.31,44.36,39.48
2021-05-10,55901.67,1.651,46.81,0.45113,3979.61,361.77,1.4,36.7,42.96,36.45
2021-05-11,56928.97,1.767,48.8,0.49673,4182.79,377.69,1.477,38.63,44.72,38.56
2021-05-12,50004.76,1.568,42.12,0.41519,3906.11,308.57,1.287,35.37,43.62,37.41
2021-05-13,49972.8,1.943,43.33,0.48894,3750.34,316.69,1.359,40.1,41.11,37.52
2021-05-14,49913.26,2.008,46.54,0.56485,4088.73,326.42,1.408,47.33,42.87,40.23
2021-05-15,46780.9,2.171,41.33,0.50679,3659.92,299.07,1.477,43.19,43.46,36.56
2021-05-16,46585.06,2.286,40.45,0.51532,3602.0,297.56,1.46,42.5,47.18,36.43
2021-05-17,43780.83,2.031,37.11,0.48515,3288.23,283.67,1.487,38.47,46.86,33.18
2021-05-18,43091.04,2.013,42.64,0.47898,3399.05,295.49,1.598,40.78,56.2,35.23
2021-05-19,37287.39,1.517,27.44,0.33874,2505.01,190.71,1.086,25.55,35.76,23.63
2021-05-20,40437.73,1.794,30.16,0.3978,2778.28,210.34,1.176,28.97,44.53,26.31
2021-05-21,37339.63,1.547,25.41,0.35233,2419.1,178.93,1.0,23.89,38.43,21.78
2021-05-22,37520.32,1.469,23.34,0.34309,2306.37,169.9,0.907,21.99,31.61,20.46
2021-05-23,34977.53,1.329,20.1,0.30923,2120.04,143.99,0.8,18.06,24.77,16.91
2021-05-24,38642.44,1.543,26.2,0.36307,2640.16,183.37,0.986,23.07,30.99,24.58
2021-05-25,38210.8,1.546,27.38,0.3449,2695.48,182.38,0.969,22.0,30.01,25.13
2021-05-26,39406.93,1.777,33.89,0.35416,2882.48,199.15,1.033,24.66,35.65,29.26
2021-05-27,38642.9,1.651,31.64,0.33381,2742.99,193.67,0.972,23.99,33.66,28.62
2021-05-28,35710.22,1.515,28.05,0.31146,2433.33,176.48,0.896,21.46,29.02,25.93
2021-05-29,34775.08,1.416,25.37,0.3027,2294.63,164.69,0.834,19.92,27.56,23.19
2021-05-30,35714.75,1.577,26.85,0.30143,2395.85,170.87,0.905,20.43,28.56,25.72
2021-05-31,37340.68,1.744,31.97,0.32653,2708.43,187.47,1.041,23.33,32.66,28.28
2021-06-01,36680.07,1.738,30.74,0.37324,2632.66,183.15,1.011,22.9,30.99,27.38
2021-06-02,37685.72,1.758,30.82,0.42739,2717.15,188.05,1.025,26.17,34.19,27.73
2021-06-03,39151.32,1.841,32.35,0.39801,2858.28,194.23,1.051,27.23,39.71,28.75
2021-06-04,36938.72,1.71,28.93,0.37771,2694.5,179.21,0.971,25.1,37.6,26.5
2021-06-05,35546.99,1.659,27.08,0.37291,2624.77,172.85,0.923,23.82,39.34,25.62
2021-06-06,35834.47,1.681,27.47,0.3725,2711.55,176.25,0.942,24.15,42.26,25.85
2021-06-07,33451.38,1.553,24.59,0.33308,2580.54,160.84,0.855,21.4,38.19,24.0
2021-06-08,33557.15,1.581,24.17,0.32744,2528.02,161.02,0.876,21.87,41.42,23.51
2021-06-09,37553.64,1.622,25.6,0.3445,2620.63,172.69,0.911,23.2,42.08,25.17
2021-06-10,36903.3,1.532,23.1,0.32943,2486.6,168.0,0.875,22.68,41.21,23.56
2021-06-11,37289.43,1.437,21.41,0.31706,2356.63,162.46,0.847,21.06,36.09,21.84
2021-06-12,35666.15,1.483,21.79,0.31307,2379.99,162.06,0.835,20.85,36.57,21.38
2021-06-13,39147.71,1.567,23.4,0.32504,2517.77,171.35,0.886,22.09,38.82,23.39
2021-06-14,40624.51,1.574,24.93,0.328,2587.38,179.44,0.893,25.93,39.64,24.26
2021-06-15,40378.2,1.567,24.74,0.3216,2561.19,175.94,0.872,24.12,39.7,23.58
2021-06-16,38321.46,1.48,23.0,0.30726,2365.87,165.46,0.836,22.83,39.55,21.75
2021-06-17,38193.62,1.487,23.41,0.30765,2380.74,166.95,0.845,22.55,39.33,22.22
2021-06-18,35881.11,1.419,21.33,0.29324,2231.55,156.09,0.798,21.46,36.62,20.37
2021-06-19,35581.64,1.39,20.46,0.28783,2176.31,153.16,0.761,20.38,35.26,19.89
2021-06-20,35787.08,1.435,21.71,0.28255,2251.56,155.13,0.777,20.74,35.28,20.82
2021-06-21,31711.94,1.183,17.47,0.17716,1900.12,125.99,0.619,15.78,26.6,15.97
2021-06-22,32507.74,1.148,16.72,0.18946,1875.36,119.11,0.552,14.63,26.73,16.37
2021-06-23,33702.62,1.248,18.33,0.23676,1971.11,128.86,0.643,15.86,30.88,17.83
2021-06-24,34675.45,1.357,19.04,0.26401,1990.08,134.29,0.672,16.26,31.44,18.07
2021-06-25,31943.14,1.277,17.24,0.24341,1833.46,127.63,0.62,14.75,29.24,16.17
2021-06-26,32023.97,1.248,16.82,0.24179,1817.05,125.78,0.612,14.42,29.37,16.01
2021-06-27,34607.29,1.343,18.33,0.26188,1973.93,131.99,0.651,14.98,31.67,17.06
2021-06-28,34556.84,1.332,18.86,0.25757,2087.52,137.8,0.649,15.78,33.11,17.75
2021-06-29,35968.99,1.371,19.58,0.26348,2169.4,144.08,0.706,16.28,33.92,18.62
2021-06-30,35171.49,1.385,19.56,0.25363,2279.35,144.4,0.7,16.41,35.83,19.27
2021-07-01,33677.57,1.338,18.34,0.24576,2121.66,138.14,0.664,15.28,33.56,17.97
2021-07-02,33950.79,1.395,18.33,0.24555,2157.88,137.53,0.655,15.34,33.96,18.23
2021-07-03,34729.89,1.41,18.51,0.24719,2228.53,140.31,0.675,15.51,34.47,19.42
2021-07-04,35394.21,1.457,19.31,0.2468,2329.0,145.48,0.697,16.03,34.45,20.87
2021-07-05,33928.13,1.415,18.49,0.23282,2217.3,138.42,0.659,15.32,33.12,20.23
2021-07-06,34149.99,1.414,20.0,0.23396,2320.65,138.56,0.666,16.01,34.29,22.34
2021-07-07,33932.26,1.402,19.86,0.22502,2317.24,137.76,0.653,16.84,36.66,22.41
2021-07-08,32933.58,1.347,18.52,0.20608,2126.44,132.18,0.625,15.38,33.51,20.43
2021-07-09,33971.3,1.356,18.73,0.21897,2156.58,135.12,0.642,15.73,33.53,21.09
2021-07-10,33704.54,1.341,18.3,0.21177,2123.06,134.32,0.629,15.36,31.94,20.34
2021-07-11,34299.94,1.349,18.37,0.21401,2144.01,134.2,0.639,15.52,32.12,20.67
2021-07-12,33262.65,1.32,17.62,0.20776,2042.5,133.82,0.634,14.93,30.95,19.65
2021-07-13,32676.38,1.265,16.86,0.19775,1944.4,131.23,0.62,14.14,29.16,18.4
2021-07-14,32878.5,1.264,16.95,0.19714,1997.66,131.21,0.623,13.8,31.24,17.91
2021-07-15,31726.04,1.226,15.65,0.18276,1910.73,125.53,0.597,13.04,28.32,16.97
2021-07-16,31399.65,1.172,15.25,0.17483,1874.2,121.25,0.591,12.02,26.26,16.38
2021-07-17,31588.67,1.176,15.4,0.18368,1899.84,120.19,0.585,12.27,26.79,16.12
2021-07-18,31919.39,1.19,15.6,0.18429,1905.72,119.98,0.59,12.77,26.89,16.45
2021-07-19,30928.21,1.128,14.61,0.17289,1824.93,113.67,0.56,11.54,24.82,15.76
2021-07-20,29971.9,1.06,13.88,0.17297,1794.97,107.82,0.532,11.07,23.86,14.64
2021-07-21,32383.78,1.176,15.31,0.19159,2003.72,118.25,0.574,12.4,26.67,16.77
2021-07-22,32409.5,1.188,16.09,0.19165,2027.53,121.11,0.595,13.26,27.76,17.6
2021-07-23,33455.55,1.203,16.52,0.19361,2117.15,124.23,0.609,13.35,28.38,18.62
2021-07-24,34213.6,1.231,16.69,0.19825,2183.63,125.72,0.611,13.85,28.59,18.28
2021-07-25,35456.12,1.235,16.81,0.20233,2209.5,128.38,0.613,13.8,28.32,18.38
2021-07-26,37281.92,1.255,18.02,0.20603,2230.21,130.96,0.624,13.94,28.1,18.58
2021-07-27,39076.59,1.273,19.35,0.20454,2292.58,133.69,0.642,14.33,27.95,18.73
2021-07-28,40031.2,1.284,19.07,0.20843,2299.69,140.05,0.724,14.54,27.87,19.08
2021-07-29,39977.76,1.288,19.34,0.20861,2383.44,141.57,0.75,15.24,31.42,19.55
2021-07-30,41936.26,1.306,22.34,0.20623,2462.4,145.85,0.754,15.79,32.25,21.0
2021-07-31,41754.17,1.326,22.84,0.21309,2541.67,145.29,0.75,16.91,36.25,21.91
2021-08-01,39914.83,1.312,22.07,0.2068,2555.41,140.81,0.727,18.32,34.17,22.05
2021-08-02,39278.77,1.314,23.63,0.20387,2611.67,141.67,0.742,18.19,33.28,22.47
2021-08-03,38368.35,1.37,24.09,0.1965,2521.27,138.56,0.717,17.47,34.34,21.41
2021-08-04,39751.58,1.378,24.2,0.20165,2724.53,142.76,0.731,19.18,35.91,23.55
2021-08-05,40825.38,1.386,24.05,0.20061,2821.65,143.33,0.734,19.14,37.48,25.36
2021-08-06,42802.14,1.403,23.86,0.20515,2888.73,147.93,0.746,20.42,39.54,26.21
2021-08-07,44647.58,1.478,24.61,0.25684,3151.22,155.86,0.816,21.04,39.38,28.31
2021-08-08,43753.22,1.426,23.06,0.23888,3012.31,149.53,0.781,19.74,37.67,26.65
2021-08-09,46311.0,1.478,24.27,0.25566,3163.06,166.37,0.816,20.63,38.76,28.42
2021-08-10,45639.51,1.676,24.55,0.25745,3147.84,165.72,0.854,20.65,40.66,28.87
2021-08-11,45652.06,1.799,25.94,0.26593,3166.65,171.09,1.006,21.38,41.8,29.03
2021-08-12,44495.21,1.808,24.93,0.26525,3048.41,165.46,0.966,20.76,41.19,28.03
2021-08-13,47717.27,2.138,27.72,0.2865,3323.2,183.51,1.088,22.6,44.69,30.52
2021-08-14,47088.85,2.191,27.15,0.29245,3268.55,182.37,1.277,22.84,44.06,30.13
2021-08-15,47025.0,2.167,27.77,0.3382,3309.75,184.52,1.282,23.11,53.68,30.23
2021-08-16,46031.76,2.079,28.07,0.32064,3153.58,178.55,1.192,24.51,62.28,29.22
2021-08-17,44534.46,1.922,26.1,0.29785,3007.14,168.39,1.094,23.48,64.3,26.35
2021-08-18,45015.47,2.118,25.69,0.30498,3037.23,168.17,1.156,24.22,74.0,26.63
2021-08-19,46745.04,2.292,26.95,0.31391,3144.82,174.8,1.185,26.39,73.05,27.64
2021-08-20,49195.88,2.456,28.66,0.32716,3276.97,183.27,1.258,28.11,78.45,28.74
2021-08-21,48933.69,2.441,27.89,0.31685,3224.0,180.25,1.22,27.98,74.22,28.29
2021-08-22,49250.54,2.663,27.98,0.31413,3243.49,185.58,1.225,27.76,73.13,28.43
2021-08-23,49518.58,2.915,28.5,0.31805,3320.41,187.05,1.249,27.87,75.97,28.76
2021-08-24,47940.61,2.745,25.93,0.2895,3177.66,173.75,1.146,25.16,71.21,26.77
2021-08-25,49002.7,2.738,26.57,0.29307,3231.44,178.03,1.171,26.05,71.51,27.08
2021-08-26,47229.07,2.58,24.81,0.27303,3122.97,169.52,1.096,24.36,76.11,25.86
2021-08-27,49083.1,2.934,25.97,0.29372,3267.54,175.83,1.181,26.55,87.97,27.32
2021-08-28,48936.54,2.854,25.7,0.28592,3245.43,175.64,1.148,25.99,97.07,26.84
2021-08-29,48907.27,2.861,25.81,0.28177,3233.38,174.99,1.144,25.78,94.01,26.81
2021-08-30,47124.25,2.73,25.11,0.27242,3232.73,167.96,1.106,26.01,109.65,26.89
2021-08-31,47335.42,2.785,26.73,0.27904,3440.56,171.78,1.192,31.7,108.71,29.58
2021-09-01,48823.06,2.863,29.63,0.29344,3790.61,181.12,1.232,32.97,110.82,31.05
2021-09-02,49338.78,2.965,30.06,0.2962,3793.3,183.83,1.257,31.86,128.67,30.04
2021-09-03,49934.53,2.967,30.71,0.29603,3936.16,212.35,1.291,33.43,146.36,28.62
2021-09-04,50013.03,2.838,29.96,0.30016,3894.94,213.22,1.253,32.49,139.59,28.67
2021-09-05,51696.21,2.911,33.28,0.31289,3950.27,229.32,1.298,34.27,142.14,29.31
2021-09-06,52739.8,2.841,34.89,0.30971,3943.26,220.1,1.391,34.23,164.56,28.99
2021-09-07,46995.16,2.51,28.35,0.25534,3440.34,178.44,1.131,27.93,173.31,24.39
2021-09-08,46085.03,2.477,27.17,0.25657,3496.86,179.3,1.106,27.53,189.34,23.23
2021-09-09,46518.94,2.519,28.01,0.25281,3435.98,180.86,1.091,29.69,188.28,23.32
2021-09-10,44802.61,2.377,26.31,0.24018,3209.92,173.9,1.054,29.0,178.32,22.24
2021-09-11,45196.49,2.614,26.93,0.2412,3268.1,178.75,1.075,31.43,177.94,22.7
2021-09-12,46195.22,2.598,29.42,0.25141,3417.84,183.45,1.117,35.76,174.88,23.77
2021-09-13,45139.83,2.416,27.12,0.23708,3301.19,180.18,1.069,34.82,169.28,22.77
2021-09-14,47135.43,2.399,30.49,0.24107,3425.25,183.25,1.096,37.53,157.38,25.72
2021-09-15,48186.53,2.495,30.67,0.24733,3595.96,189.0,1.119,36.33,158.6,27.34
2021-09-16,47879.47,2.426,29.92,0.24258,3573.31,185.89,1.091,35.55,151.95,26.31
2021-09-17,47228.66,2.349,27.7,0.24094,3412.18,180.06,1.068,33.09,147.58,24.26
2021-09-18,48266.63,2.373,28.41,0.24189,3427.58,181.66,1.076,34.93,170.11,24.47
2021-09-19,47371.04,2.291,27.44,0.2345,3335.88,176.03,1.049,33.74,153.33,23.91
2021-09-20,42932.95,2.081,23.53,0.20768,2977.32,157.49,0.922,28.33,133.37,20.8
2021-09-21,40386.62,1.972,21.21,0.19962,2744.11,146.99,0.867,25.94,122.69,18.89
2021-09-22,43587.22,2.24,24.33,0.22466,3074.12,160.91,0.997,31.41,148.33,21.5
2021-09-23,44980.9,2.326,25.36,0.22554,3159.27,164.33,1.0,33.46,150.39,21.55
2021-09-24,42752.17,2.271,23.19,0.20912,2930.74,151.95,0.941,30.77,139.31,19.62
2021-09-25,42856.86,2.312,24.67,0.21037,2946.97,151.91,0.943,30.04,136.84,19.57
2021-09-26,43336.86,2.213,24.55,0.20572,3063.32,150.66,0.946,28.74,135.8,23.89
2021-09-27,42247.36,2.139,23.09,0.20031,2939.74,145.06,0.923,27.68,136.26,22.4
2021-09-28,41010.38,2.038,22.11,0.19665,2798.98,140.41,0.898,26.23,130.6,22.93
2021-09-29,41587.67,2.059,22.92,0.1996,2855.61,145.03,0.928,27.33,135.28,23.03
2021-09-30,43859.33,2.117,23.93,0.20467,3013.49,153.15,0.953,28.62,141.18,23.44
2021-10-01,48181.88,2.247,26.31,0.22271,3305.11,166.03,1.041,31.98,161.37,25.65
2021-10-02,47777.76,2.247,26.97,0.21927,3393.92,169.66,1.04,32.2,169.21,26.18
2021-10-03,48282.97,2.259,27.61,0.22218,3426.39,170.97,1.056,32.2,172.86,26.04
2021-10-04,49260.23,2.195,26.61,0.24322,3390.31,167.55,1.044,31.19,167.88,25.3
2021-10-05,51668.99,2.238,27.27,0.25169,3520.34,174.12,1.085,31.54,164.37,25.68
2021-10-06,55415.01,2.213,26.89,0.25255,3592.18,179.2,1.078,32.49,154.09,25.32
2021-10-07,53894.6,2.28,26.89,0.24344,3594.92,179.06,1.069,33.83,154.26,25.59
2021-10-08,54010.94,2.231,26.27,0.24297,3558.55,175.97,1.061,33.37,158.91,24.72
2021-10-09,55125.46,2.269,27.45,0.24716,3588.08,179.98,1.164,36.37,157.34,25.19
2021-10-10,54711.87,2.196,25.62,0.2293,3431.02,175.43,1.136,34.34,147.7,24.26
2021-10-11,57572.51,2.174,25.21,0.23196,3537.84,179.31,1.133,34.11,144.86,24.17
2021-10-12,56335.04,2.118,24.66,0.22635,3498.11,172.39,1.101,35.13,152.0,23.4
2021-10-13,57487.99,2.189,25.53,0.23276,3605.65,177.82,1.128,41.73,148.39,24.66
2021-10-14,57452.43,2.174,26.68,0.23298,3794.52,180.36,1.132,40.72,150.09,26.29
2021-10-15,61809.02,2.226,27.08,0.23504,3885.64,189.34,1.146,43.59,162.98,25.96
2021-10-16,61165.64,2.187,27.38,0.23856,3854.5,187.15,1.139,41.97,158.27,27.12
2021-10-17,61583.77,2.158,26.51,0.23794,3854.22,183.6,1.093,42.13,159.86,25.96
2021-10-18,62017.97,2.128,25.69,0.24612,3752.62,185.53,1.081,41.14,157.38,25.45
2021-10-19,64517.65,2.116,25.95,0.24655,3884.59,188.96,1.094,41.42,156.39,26.06
2021-10-20,66237.52,2.194,27.53,0.25452,4170.11,207.67,1.144,44.55,175.6,27.06
2021-10-21,62541.09,2.145,28.41,0.24353,4074.86,197.3,1.093,43.0,189.06,26.14
2021-10-22,61029.27,2.166,28.77,0.24643,3990.71,191.7,1.093,43.77,197.83,25.74
2021-10-23,61572.14,2.174,31.4,0.2515,4179.44,196.03,1.095,44.13,198.31,26.9
2021-10-24,61173.17,2.129,29.78,0.2783,4094.94,191.12,1.085,42.52,203.17,25.9
2021-10-25,63228.21,2.152,32.55,0.26501,4230.21,196.07,1.096,44.59,211.19,26.75
2021-10-26,60604.19,2.139,32.45,0.25678,4152.57,198.41,1.106,45.3,199.75,26.58
2021-10-27,58641.0,1.924,28.96,0.23917,3944.09,180.24,0.997,40.49,183.54,24.27
2021-10-28,60767.56,1.995,30.22,0.29958,4288.1,190.17,1.059,42.07,195.09,24.93
2021-10-29,62283.2,2.016,30.98,0.28881,4422.94,196.7,1.083,44.12,199.78,25.39
2021-10-30,61837.26,1.951,29.67,0.2683,4324.61,190.19,1.076,42.74,193.34,24.87
2021-10-31,61471.87,1.967,30.01,0.27977,4292.04,191.99,1.114,42.82,202.39,25.01
2021-11-01,61121.83,1.952,31.66,0.27208,4330.55,198.15,1.093,50.09,203.81,25.68
2021-11-02,63247.21,1.971,32.3,0.27388,4596.59,201.13,1.137,51.28,220.65,26.19
2021-11-03,63130.94,2.068,31.93,0.26969,4607.7,207.32,1.209,53.34,242.05,26.82
2021-11-04,61601.74,1.992,31.05,0.26361,4550.01,203.25,1.201,54.14,249.06,25.85
2021-11-05,61247.38,1.986,32.99,0.26181,4494.8,200.14,1.162,51.99,237.89,25.67
2021-11-06,61661.36,2.01,32.08,0.26251,4527.1,198.15,1.152,52.08,259.24,25.17
2021-11-07,63153.23,2.027,32.37,0.26659,4626.63,202.05,1.219,52.4,250.36,25.42
2021-11-08,67617.02,2.128,34.53,0.28227,4815.0,228.7,1.287,53.39,248.82,26.26
2021-11-09,67145.38,2.278,33.91,0.27416,4742.08,264.46,1.262,50.97,239.42,26.39
2021-11-10,65061.05,2.097,34.29,0.25573,4641.53,260.86,1.188,47.0,233.07,25.35
2021-11-11,65005.64,2.085,34.89,0.2614,4732.92,263.06,1.218,47.83,234.86,25.5
2021-11-12,64432.05,2.057,34.41,0.25935,4685.11,252.76,1.194,46.12,229.4,24.67
2021-11-13,64660.34,2.058,34.16,0.26244,4666.5,258.57,1.194,47.28,241.33,24.75
2021-11-14,65648.98,2.051,33.91,0.26447,4652.95,279.44,1.193,46.59,239.51,24.67
2021-11-15,63933.84,2.025,32.19,0.258,4583.21,264.49,1.176,44.94,238.76,24.09
2021-11-16,60448.56,1.885,29.41,0.23878,4243.35,232.09,1.097,41.18,220.1,21.81
2021-11-17,60603.66,1.881,29.27,0.23887,4302.8,229.58,1.1,42.69,219.11,21.97
2021-11-18,56987.32,1.786,26.46,0.22168,3993.85,203.45,1.038,38.93,195.08,20.05
2021-11-19,58459.26,1.872,28.43,0.23426,4317.6,219.28,1.091,41.43,215.83,21.3
2021-11-20,60082.91,1.928,28.43,0.23466,4436.19,226.34,1.1,42.18,218.33,22.08
2021-11-21,59139.78,1.854,29.27,0.22867,4319.36,224.27,1.069,42.58,232.44,21.89
2021-11-22,56386.86,1.778,26.79,0.22022,4101.06,209.64,1.037,39.46,216.4,21.01
2021-11-23,57748.79,1.751,26.97,0.22656,4355.42,217.13,1.067,40.89,222.1,22.22
2021-11-24,57198.18,1.669,25.61,0.21828,4269.44,212.14,1.032,38.34,205.55,20.8
2021-11-25,58897.85,1.679,26.35,0.22161,4515.84,222.84,1.043,39.4,209.79,21.36
2021-11-26,53827.79,1.537,23.9,0.20242,4048.31,195.34,0.94,34.61,192.15,19.24
2021-11-27,54533.4,1.54,23.97,0.20438,4084.09,193.85,0.941,34.95,192.14,19.39
2021-11-28,57237.66,1.593,24.78,0.20753,4290.09,198.89,0.967,35.64,200.46,20.15
2021-11-29,57848.77,1.603,24.97,0.21524,4444.53,206.67,0.991,37.19,204.35,20.3
2021-11-30,57011.28,1.554,25.34,0.21498,4637.12,207.94,0.998,38.0,208.71,21.14
2021-12-01,57169.37,1.548,25.38,0.20949,4589.61,208.47,0.99,36.7,229.45,21.0
2021-12-02,56508.27,1.714,24.54,0.20973,4519.44,203.63,0.979,35.72,232.57,22.41
2021-12-03,53785.97,1.563,23.34,0.20126,4240.16,189.74,0.922,33.8,212.13,20.0
2021-12-04,49161.99,1.419,20.54,0.17899,4101.66,162.56,0.843,29.28,200.94,17.16
2021-12-05,49268.47,1.376,19.37,0.17137,4198.57,156.2,0.802,28.29,196.57,16.5
2021-12-06,50461.58,1.418,19.82,0.17828,4347.62,162.44,0.824,28.28,193.89,17.36
2021-12-07,50647.66,1.384,20.81,0.17716,4310.57,162.0,0.817,30.34,190.37,17.18
2021-12-08,50530.46,1.394,22.75,0.17914,4431.54,164.72,0.86,29.82,194.3,18.62
2021-12-09,47885.87,1.299,20.42,0.1707,4153.33,152.49,0.867,27.01,181.75,16.29
2021-12-10,47303.56,1.215,18.57,0.16533,3918.2,149.08,0.799,26.56,169.46,15.21
2021-12-11,49242.3,1.347,19.89,0.16892,4079.81,157.99,0.837,27.74,171.84,15.87
2021-12-12,50051.08,1.348,20.45,0.16991,4135.84,158.98,0.84,29.56,173.74,16.0
2021-12-13,46696.3,1.224,17.72,0.15772,3782.9,144.64,0.782,25.93,155.08,14.17
2021-12-14,48410.56,1.266,18.44,0.19122,3858.16,150.58,0.811,26.18,161.06,14.98
2021-12-15,48936.86,1.312,19.74,0.18163,4015.72,153.24,0.829,27.23,178.26,15.21
2021-12-16,47694.53,1.245,18.83,0.17419,3971.56,149.23,0.81,26.0,176.81,14.42
2021-12-17,46328.7,1.222,18.34,0.16965,3886.75,144.09,0.802,24.77,175.79,15.0
2021-12-18,46970.06,1.244,19.57,0.17249,3966.43,148.97,0.83,25.56,182.97,15.6
2021-12-19,46807.05,1.246,18.95,0.17,3928.84,153.45,0.836,24.8,179.94,14.96
2021-12-20,47117.01,1.247,18.93,0.16855,3950.48,153.18,0.887,24.24,174.37,14.53
2021-12-21,49145.22,1.283,19.52,0.17217,4036.55,155.34,0.951,25.27,180.13,15.09
2021-12-22,48755.9,1.332,20.03,0.17395,3992.59,155.62,0.958,27.29,178.57,16.22
2021-12-23,50900.62,1.478,22.24,0.18405,4113.53,163.68,0.996,29.24,190.51,18.19
2021-12-24,50888.72,1.397,21.52,0.18804,4055.12,161.58,0.914,28.16,190.44,17.51
2021-12-25,50663.49,1.459,22.22,0.19237,4110.57,158.79,0.928,28.95,193.29,17.54
2021-12-26,50852.86,1.458,23.07,0.19071,4075.03,156.37,0.922,31.42,198.2,18.68
2021-12-27,50774.07,1.521,23.08,0.18828,4045.05,156.06,0.928,31.05,196.04,19.12
2021-12-28,47725.15,1.412,20.49,0.17485,3807.36,146.34,0.858,28.03,178.3,18.47
2021-12-29,46507.0,1.338,19.76,0.16821,3644.41,145.51,0.82,26.75,171.27,17.14
2021-12-30,47191.87,1.358,19.95,0.17158,3714.95,148.04,0.84,27.54,172.51,17.79
2021-12-31,46319.65,1.311,19.63,0.17053,3686.4,146.6,0.831,26.74,170.2,17.06
2022-01-01,47816.08,1.378,20.58,0.17362,3780.32,151.09,0.851,28.64,178.89,17.5
2022-01-02,47387.21,1.38,21.86,0.17456,3835.4,151.51,0.86,29.77,176.32,18.35
2022-01-03,46531.14,1.324,23.63,0.17044,3769.4,148.68,0.834,30.15,170.57,18.44
2022-01-04,45938.02,1.312,23.71,0.16859,3794.91,146.72,0.825,28.86,168.04,18.35
2022-01-05,43647.15,1.24,25.55,0.16,3556.91,135.93,0.777,26.89,155.72,17.26
2022-01-06,43216.46,1.28,25.38,0.16049,3416.83,136.51,0.783,26.82,150.72,17.11
2022-01-07,41527.2,1.214,26.08,0.15526,3201.79,131.43,0.764,24.97,136.61,15.79
2022-01-08,41756.66,1.189,25.54,0.15134,3101.04,129.73,0.749,24.05,142.38,14.93
2022-01-09,41862.36,1.175,27.58,0.15054,3156.97,131.19,0.756,24.65,140.97,15.82
2022-01-10,41869.86,1.131,27.92,0.14331,3086.73,126.83,0.741,23.77,135.98,15.15
2022-01-11,42777.21,1.187,26.79,0.15365,3246.41,131.63,0.773,25.55,140.26,15.98
2022-01-12,43981.88,1.306,26.84,0.1615,3378.04,141.76,0.803,27.35,151.92,16.29
2022-01-13,42608.41,1.237,24.88,0.17268,3256.76,136.7,0.772,25.84,146.9,15.53
2022-01-14,43120.86,1.291,25.71,0.1836,3311.99,144.73,0.774,27.75,146.31,15.9
2022-01-15,43226.65,1.296,25.27,0.18501,3331.25,147.96,0.783,27.78,147.7,16.52
2022-01-16,43119.79,1.409,25.59,0.17765,3356.3,146.61,0.779,27.74,147.94,17.82
2022-01-17,42298.34,1.589,23.88,0.17146,3216.59,151.76,0.765,25.75,140.05,16.68
2022-01-18,42395.46,1.471,23.0,0.16537,3166.45,141.61,0.753,25.12,141.63,16.03
2022-01-19,41749.55,1.343,21.66,0.16245,3097.02,136.96,0.74,24.16,135.59,15.23
2022-01-20,40707.68,1.261,20.16,0.15518,3015.59,130.42,0.72,23.02,128.57,14.51
2022-01-21,36508.8,1.122,17.49,0.1421,2564.34,113.49,0.638,19.57,111.78,12.69
2022-01-22,35180.44,1.072,15.88,0.13341,2407.38,108.61,0.599,18.29,94.52,11.14
2022-01-23,36306.41,1.121,16.58,0.14167,2537.84,111.93,0.629,18.8,99.69,11.46
2022-01-24,36774.01,1.07,15.65,0.13786,2447.83,109.98,0.615,18.13,91.92,10.71
2022-01-25,36988.93,1.046,15.57,0.14378,2465.22,108.2,0.62,18.54,95.09,10.6
2022-01-26,36870.44,1.078,15.3,0.14398,2470.43,107.02,0.623,18.1,92.25,10.59
2022-01-27,37276.84,1.048,15.2,0.14194,2411.86,107.21,0.61,18.19,89.6,10.35
2022-01-28,37852.58,1.053,16.16,0.14202,2551.11,109.56,0.614,18.37,91.43,10.65
2022-01-29,38232.18,1.063,16.25,0.14353,2603.6,110.98,0.618,18.76,96.18,11.16
2022-01-30,37983.15,1.039,17.81,0.13972,2610.18,108.85,0.604,18.22,93.4,10.81
2022-01-31,38555.53,1.055,17.28,0.14217,2689.22,109.68,0.621,19.46,99.89,11.82
2022-02-01,38835.7,1.09,17.08,0.14284,2797.43,115.57,0.63,19.64,110.13,11.13
2022-02-02,37000.98,1.031,15.87,0.13759,2690.32,108.46,0.603,18.84,101.83,10.53
2022-02-03,37101.35,1.056,16.18,0.13786,2667.26,110.22,0.61,18.76,100.88,10.38
2022-02-04,41673.84,1.134,17.42,0.14813,2993.1,121.5,0.657,20.49,112.48,11.16
2022-02-05,41493.69,1.13,17.83,0.14737,3018.67,122.29,0.669,21.41,114.33,11.27
2022-02-06,42475.54,1.147,18.06,0.15399,3062.81,127.6,0.685,21.93,115.28,11.67
2022-02-07,43910.93,1.2,18.9,0.16577,3149.95,137.36,0.83,22.42,117.67,12.42
2022-02-08,44184.45,1.182,18.47,0.15866,3127.44,134.13,0.881,21.72,113.7,11.98
2022-02-09,44383.89,1.198,18.68,0.1594,3240.92,140.55,0.879,21.96,114.34,12.34
2022-02-10,43628.14,1.154,17.52,0.15207,3081.91,135.43,0.835,20.67,106.42,11.47
2022-02-11,42445.39,1.082,16.18,0.14502,2930.56,126.1,0.762,18.98,96.46,10.64
2022-02-12,42254.74,1.057,15.96,0.14448,2918.09,126.69,0.825,18.82,95.7,10.63
2022-02-13,42247.84,1.047,15.74,0.14898,2889.24,126.29,0.812,18.84,93.37,10.4
2022-02-14,42634.57,1.052,15.95,0.14607,2935.65,124.83,0.803,18.73,96.44,10.63
2022-02-15,44574.32,1.108,17.31,0.15177,3179.3,131.69,0.852,20.17,104.85,11.46
2022-02-16,44063.28,1.085,17.24,0.14919,3128.64,128.38,0.839,19.83,101.96,11.28
2022-02-17,40562.99,1.021,15.56,0.139,2881.61,116.21,0.769,18.12,93.4,10.38
2022-02-18,40073.5,0.999,15.27,0.13893,2792.3,115.09,0.788,17.87,90.11,10.19
2022-02-19,40192.76,0.999,15.56,0.14145,2768.97,115.85,0.825,17.93,91.61,10.04
2022-02-20,38514.01,0.934,14.66,0.13726,2632.49,110.83,0.778,16.95,90.8,9.37
2022-02-21,37059.98,0.86,13.54,0.12853,2574.51,103.59,0.706,16.21,83.14,8.58
2022-02-22,38337.2,0.891,14.04,0.13174,2644.15,107.57,0.726,16.58,86.57,8.89
2022-02-23,37372.29,0.871,13.43,0.12819,2594.7,105.97,0.702,16.04,85.27,8.8
2022-02-24,38363.34,0.854,13.29,0.12398,2599.93,104.24,0.698,16.1,89.05,8.83
2022-02-25,39316.16,0.897,14.38,0.12791,2771.89,109.52,0.771,17.31,92.74,9.25
2022-02-26,39090.2,0.888,14.72,0.1277,2785.34,108.14,0.752,18.01,90.11,9.01
2022-02-27,37803.59,0.861,13.67,0.12367,2629.48,103.11,0.721,17.52,85.57,9.83
2022-02-28,43225.4,0.96,15.13,0.13325,2919.29,113.47,0.783,18.94,99.58,10.53
2022-03-01,44459.59,0.964,15.36,0.13428,2977.28,112.68,0.787,18.88,98.76,10.34
2022-03-02,43980.71,0.939,15.3,0.1332,2953.32,110.36,0.768,18.61,100.79,10.04
2022-03-03,42491.98,0.905,14.92,0.12981,2836.91,111.39,0.753,18.03,95.56,9.55
2022-03-04,39200.3,0.844,13.72,0.12264,2619.36,101.14,0.713,16.78,88.25,8.8
2022-03-05,39463.15,0.867,14.02,0.12541,2668.71,105.04,0.756,17.33,89.79,9.03
2022-03-06,38442.99,0.825,13.32,0.12091,2558.36,101.32,0.727,17.01,84.64,8.48
2022-03-07,38076.49,0.798,12.71,0.11722,2498.66,98.69,0.724,16.43,82.07,8.33
2022-03-08,38732.94,0.802,13.08,0.11695,2576.63,100.45,0.721,16.95,82.25,8.83
2022-03-09,41986.03,0.85,14.01,0.12149,2731.04,106.65,0.768,17.88,88.19,9.2
2022-03-10,39468.36,0.808,13.19,0.11692,2611.46,102.62,0.738,16.99,83.02,8.68
2022-03-11,38775.18,0.791,13.07,0.11557,2562.83,104.88,0.802,17.74,80.69,8.55
2022-03-12,38903.69,0.791,13.17,0.11508,2579.46,105.71,0.786,18.15,81.61,8.49
2022-03-13,37852.52,0.792,12.72,0.11178,2518.49,101.89,0.762,17.23,79.0,8.19
2022-03-14,39669.42,0.804,13.4,0.11385,2591.54,105.62,0.775,17.69,81.17,8.48
2022-03-15,39331.85,0.8,13.72,0.11275,2620.36,106.99,0.766,17.83,82.94,8.7
2022-03-16,41165.64,0.838,14.68,0.11692,2771.76,111.37,0.794,19.06,87.85,9.09
2022-03-17,41001.71,0.838,14.43,0.11649,2817.4,110.29,0.794,18.76,87.97,9.23
2022-03-18,41837.41,0.854,15.03,0.11939,2945.75,112.17,0.798,19.01,89.91,9.65
2022-03-19,42201.94,0.901,14.95,0.12346,2947.23,115.83,0.819,19.35,92.4,9.7
2022-03-20,41283.26,0.877,14.55,0.11916,2860.64,114.77,0.806,18.65,88.6,9.32
2022-03-21,41061.82,0.916,15.0,0.11925,2896.59,116.1,0.838,18.79,88.77,9.34
2022-03-22,42401.9,0.976,15.48,0.12238,2969.78,122.85,0.837,20.37,90.5,9.75
2022-03-23,42802.16,1.104,15.77,0.12956,3028.84,122.31,0.838,20.98,94.92,9.96
2022-03-24,43936.1,1.128,16.15,0.13623,3106.66,126.94,0.842,21.21,102.18,10.76
2022-03-25,44331.78,1.098,15.57,0.13091,3106.07,124.04,0.824,20.55,98.65,10.6
2022-03-26,44510.84,1.15,15.8,0.13595,3140.88,124.69,0.831,20.87,101.64,10.59
2022-03-27,46715.12,1.179,16.82,0.14432,3285.17,129.13,0.854,22.39,106.91,11.37
2022-03-28,46994.88,1.168,16.5,0.14255,3328.93,127.91,0.864,21.91,106.24,10.91
2022-03-29,47459.26,1.19,16.96,0.14439,3401.18,130.03,0.857,22.4,111.75,11.24
2022-03-30,47063.37,1.19,17.24,0.14336,3383.79,131.03,0.86,22.51,120.7,11.72
2022-03-31,45528.41,1.143,16.92,0.13782,3283.3,123.62,0.815,21.32,122.76,11.27
2022-04-01,46270.2,1.165,17.31,0.14122,3451.2,124.86,0.827,22.0,134.37,11.56
2022-04-02,45842.14,1.159,17.42,0.13895,3440.34,124.89,0.824,22.68,132.27,11.64
2022-04-03,46434.56,1.184,18.08,0.14611,3521.58,129.01,0.843,23.19,136.67,11.84
2022-04-04,46622.64,1.213,17.48,0.14849,3520.97,124.82,0.828,22.56,132.34,11.51
2022-04-05,45635.45,1.171,16.79,0.17217,3422.97,123.24,0.819,21.84,126.61,11.12
2022-04-06,43198.78,1.054,15.42,0.14341,3171.37,112.34,0.762,19.9,112.53,9.96
2022-04-07,43515.15,1.093,15.83,0.14611,3232.83,114.26,0.788,20.44,118.69,10.51
2022-04-08,42315.71,1.028,15.14,0.14253,3192.03,110.76,0.755,19.37,109.69,9.7
2022-04-09,42796.4,1.046,15.45,0.14446,3265.94,112.87,0.764,19.79,113.01,10.06
2022-04-10,42274.91,1.033,15.36,0.15023,3219.16,111.0,0.756,19.33,112.17,9.9
2022-04-11,39603.96,0.923,13.77,0.13432,2992.7,102.56,0.696,17.18,99.45,8.97
2022-04-12,40205.68,0.957,14.01,0.13844,3038.21,104.95,0.717,17.82,103.5,9.34
2022-04-13,41205.17,0.976,14.2,0.1403,3121.4,110.54,0.726,18.21,104.84,9.67
2022-04-14,39959.46,0.933,13.67,0.14411,3023.42,107.48,0.728,17.95,100.74,9.48
2022-04-15,40586.6,0.956,14.14,0.14622,3045.43,111.13,0.788,18.38,101.35,9.78
2022-04-16,40450.38,0.954,14.18,0.14402,3066.36,114.5,0.783,18.66,102.31,9.68
2022-04-17,39739.12,0.917,13.76,0.13938,2995.72,108.72,0.754,17.78,100.44,9.25
2022-04-18,40833.54,0.937,14.04,0.14022,3061.89,111.3,0.769,18.18,102.27,9.41
2022-04-19,41498.12,0.953,14.27,0.14269,3104.69,113.8,0.775,18.89,108.54,9.54
2022-04-20,41397.22,0.937,14.04,0.14084,3079.68,111.93,0.752,19.09,105.6,9.32
2022-04-21,40528.54,0.911,13.59,0.13644,2987.49,106.89,0.733,18.18,101.8,8.85
2022-04-22,39756.85,0.908,13.61,0.13654,2967.09,105.47,0.72,18.32,100.64,8.91
2022-04-23,39561.78,0.89,13.36,0.13423,2940.69,105.34,0.707,18.74,100.76,8.93
2022-04-24,39469.05,0.886,13.27,0.1319,2922.9,104.58,0.699,18.16,99.17,8.71
2022-04-25,40488.88,0.899,13.46,0.15746,3008.34,104.67,0.696,18.13,101.29,8.75
2022-04-26,38134.22,0.828,12.35,0.13803,2806.75,98.47,0.642,16.61,95.71,7.99
2022-04-27,39237.95,0.841,12.73,0.14025,2889.59,100.51,0.653,16.94,98.37,8.21
2022-04-28,39741.77,0.843,12.65,0.13721,2932.46,103.11,0.644,16.98,98.0,8.16
2022-04-29,38650.55,0.806,11.98,0.13508,2817.49,100.37,0.612,16.17,94.09,7.63
2022-04-30,37820.61,0.758,11.04,0.12775,2738.17,96.07,0.588,14.57,85.3,6.8
2022-05-01,38537.66,0.79,11.33,0.13303,2832.51,99.56,0.609,15.42,89.74,7.13
2022-05-02,38561.56,0.783,11.18,0.13115,2861.37,100.74,0.614,14.99,87.6,6.94
2022-05-03,37758.5,0.773,11.12,0.12986,2786.05,99.44,0.605,14.73,85.88,6.86
2022-05-04,39699.02,0.896,12.16,0.13599,2942.05,106.3,0.648,16.29,92.82,7.97
2022-05-05,36612.23,0.793,10.94,0.12856,2753.94,97.05,0.6,14.6,84.62,7.33
2022-05-06,36116.39,0.786,10.84,0.12809,2699.71,96.82,0.604,14.36,81.76,7.63
2022-05-07,35573.31,0.764,10.26,0.12779,2641.23,94.52,0.584,13.8,79.19,7.19
2022-05-08,34070.31,0.741,9.99,0.12422,2517.83,93.97,0.567,13.23,74.92,7.1
2022-05-09,30269.59,0.616,8.26,0.10508,2249.89,77.63,0.495,10.8,63.59,6.03
2022-05-10,31026.93,0.629,8.58,0.10823,2344.8,80.2,0.515,11.33,66.73,6.07
2022-05-11,28913.49,0.516,6.91,0.08425,2080.91,66.45,0.417,8.9,50.32,4.87
2022-05-12,29126.12,0.475,6.58,0.08303,1966.7,64.37,0.388,8.77,44.65,4.68
2022-05-13,29310.73,0.53,7.13,0.08846,2010.21,67.79,0.422,10.49,48.6,5.08
2022-05-14,30189.33,0.541,7.3,0.09003,2064.23,69.18,0.43,11.38,52.54,5.2
2022-05-15,31319.31,0.598,7.9,0.09317,2147.05,71.53,0.448,11.8,58.85,5.45
2022-05-16,29923.61,0.557,7.42,0.088,2025.89,67.26,0.424,10.66,53.65,5.04
2022-05-17,30502.19,0.579,7.74,0.09042,2095.18,72.96,0.439,11.05,57.42,5.49
2022-05-18,28772.2,0.507,6.81,0.08399,1915.18,66.16,0.406,9.52,49.76,4.89
2022-05-19,30382.41,0.535,7.23,0.08707,2023.85,72.25,0.422,10.07,52.33,5.2
2022-05-20,29256.81,0.518,6.89,0.08452,1963.99,68.71,0.411,9.7,49.58,5.11
2022-05-21,29491.51,0.529,7.08,0.08453,1978.15,69.76,0.415,10.0,50.34,5.25
2022-05-22,30351.05,0.543,7.36,0.08634,2046.65,71.81,0.423,10.19,52.77,5.51
2022-05-23,29163.17,0.514,7.03,0.08388,1974.58,69.22,0.406,9.92,49.12,5.62
2022-05-24,29655.03,0.521,7.24,0.08375,1979.77,70.38,0.409,10.2,49.64,5.6
2022-05-25,29584.95,0.514,7.01,0.08367,1944.84,68.25,0.406,9.86,48.06,5.62
2022-05-26,29346.78,0.483,6.62,0.07882,1807.97,63.87,0.394,9.2,43.55,4.98
2022-05-27,28646.65,0.456,6.26,0.08145,1724.88,61.48,0.382,9.14,41.0,4.67
2022-05-28,29088.24,0.466,6.58,0.08219,1798.69,63.16,0.387,9.7,44.46,4.99
2022-05-29,29492.5,0.482,6.72,0.08354,1814.98,63.81,0.39,9.99,44.93,4.95
2022-05-30,31740.94,0.571,7.46,0.08793,1995.94,69.12,0.419,10.46,47.19,5.65
2022-05-31,31865.75,0.631,7.64,0.08605,1944.08,68.51,0.424,10.45,45.97,5.7
2022-06-01,29833.45,0.554,6.94,0.08146,1828.89,63.13,0.399,9.48,40.24,5.16
2022-06-02,30481.01,0.587,7.2,0.08281,1833.09,64.31,0.406,9.9,40.89,5.31
2022-06-03,29714.14,0.56,6.86,0.08035,1776.98,62.67,0.391,9.37,38.28,5.07
2022-06-04,29872.36,0.567,7.42,0.08177,1804.26,63.72,0.393,9.44,38.98,5.13
2022-06-05,29917.76,0.568,7.64,0.08197,1805.33,63.18,0.396,9.34,38.46,5.1
2022-06-06,31372.58,0.608,7.97,0.08309,1860.18,64.4,0.403,9.47,42.41,5.37
2022-06-07,31265.47,0.617,8.75,0.08083,1818.39,63.99,0.409,9.25,39.55,5.26
2022-06-08,30229.24,0.643,8.71,0.08004,1794.54,61.63,0.401,9.0,38.84,5.08
2022-06-09,30101.19,0.633,9.28,0.08024,1788.42,60.14,0.4,9.22,39.97,5.2
2022-06-10,29101.3,0.575,8.04,0.07563,1663.84,56.69,0.382,8.66,37.08,4.81
2022-06-11,28374.14,0.554,7.0,0.06977,1530.04,52.11,0.36,8.01,33.81,4.37
2022-06-12,26767.27,0.502,6.32,0.06415,1454.69,47.98,0.347,7.45,30.74,4.12
2022-06-13,22525.77,0.461,5.87,0.05412,1205.6,43.29,0.311,7.0,28.19,3.61
2022-06-14,22244.85,0.485,6.69,0.05562,1214.87,46.15,0.323,7.38,29.72,3.9
2022-06-15,22529.2,0.533,7.33,0.06348,1230.36,50.51,0.344,8.52,34.49,4.39
2022-06-16,20408.69,0.476,6.33,0.05516,1068.6,44.69,0.312,7.11,30.07,3.83
2022-06-17,20473.05,0.488,6.37,0.05713,1087.81,47.72,0.322,7.33,30.87,3.95
2022-06-18,19047.42,0.458,5.95,0.05312,995.25,47.42,0.309,7.07,31.82,3.65
2022-06-19,20516.41,0.484,6.6,0.06056,1125.75,54.32,0.326,7.5,34.19,4.17
2022-06-20,20636.76,0.493,7.02,0.06025,1132.05,52.99,0.324,7.89,35.47,4.31
2022-06-21,20700.92,0.48,6.84,0.0657,1124.56,53.47,0.329,7.74,36.14,4.75
2022-06-22,19983.57,0.459,6.64,0.06178,1051.07,52.1,0.323,7.42,34.23,5.02
2022-06-23,21100.27,0.48,7.0,0.06414,1144.48,55.77,0.336,7.81,38.21,5.63
2022-06-24,21262.71,0.503,7.29,0.06725,1229.3,56.15,0.368,8.22,42.48,5.51
2022-06-25,21525.88,0.498,7.28,0.06857,1244.29,58.87,0.367,8.14,42.39,5.63
2022-06-26,21052.8,0.491,6.8,0.07376,1201.24,56.98,0.36,7.86,39.5,5.61
2022-06-27,20751.48,0.487,6.56,0.07252,1194.22,55.91,0.354,7.72,38.5,5.34
2022-06-28,20282.54,0.47,6.33,0.066,1143.53,52.75,0.337,7.3,35.33,4.91
2022-06-29,20108.53,0.465,6.2,0.0696,1098.91,53.49,0.33,7.0,33.92,5.09
2022-06-30,19608.4,0.455,6.18,0.06553,1057.63,53.15,0.329,6.97,33.31,4.92
2022-07-01,19407.45,0.451,6.12,0.06647,1068.82,51.33,0.316,6.79,33.04,4.87
2022-07-02,19268.23,0.457,6.24,0.06682,1068.54,50.51,0.316,6.83,33.42,4.92
2022-07-03,19310.23,0.457,6.2,0.06734,1074.61,50.96,0.323,6.85,33.45,4.92
2022-07-04,20257.01,0.469,6.44,0.06963,1153.35,52.27,0.329,7.17,36.78,5.27
2022-07-05,20188.78,0.457,6.33,0.06716,1134.02,49.79,0.326,6.84,35.32,5.31
2022-07-06,20566.69,0.463,6.34,0.06869,1188.73,50.36,0.333,6.93,37.09,5.36
2022-07-07,21660.6,0.478,6.65,0.07074,1240.38,52.2,0.342,7.32,38.55,5.75
2022-07-08,21858.82,0.471,6.43,0.06949,1233.51,51.67,0.344,7.14,38.59,5.85
2022-07-09,21589.63,0.479,6.51,0.06952,1216.85,54.18,0.345,7.26,38.06,6.47
2022-07-10,20859.81,0.463,6.19,0.06735,1169.01,52.17,0.326,6.85,36.73,6.26
2022-07-11,19998.47,0.436,6.05,0.06183,1097.45,48.74,0.315,6.55,33.51,5.57
2022-07-12,19350.74,0.421,5.98,0.0601,1040.8,47.55,0.312,6.3,32.82,5.56
2022-07-13,20225.24,0.438,6.18,0.06201,1112.92,49.56,0.325,6.47,34.95,6.12
2022-07-14,20574.84,0.441,6.27,0.06249,1191.13,51.24,0.334,6.72,37.18,6.99
2022-07-15,20794.81,0.442,6.31,0.06303,1234.1,51.69,0.334,6.8,37.44,6.8
2022-07-16,21193.08,0.457,6.58,0.06428,1355.05,55.27,0.35,7.18,39.6,7.37
2022-07-17,20824.36,0.448,6.37,0.06332,1344.72,55.96,0.344,6.94,38.62,6.98
2022-07-18,22395.36,0.492,7.04,0.06757,1570.66,58.5,0.365,7.66,43.68,7.33
2022-07-19,23366.91,0.515,7.25,0.06899,1542.63,57.94,0.372,7.81,44.93,7.33
2022-07-20,23313.3,0.492,6.85,0.07041,1527.41,57.4,0.361,7.49,42.19,6.89
2022-07-21,23155.21,0.5,6.99,0.06997,1576.83,58.07,0.366,7.52,43.19,7.21
2022-07-22,22696.9,0.484,6.8,0.06769,1536.12,56.13,0.358,7.31,40.58,6.9
2022-07-23,22506.2,0.519,6.87,0.06833,1552.5,56.42,0.36,7.35,40.13,6.99
2022-07-24,22613.72,0.515,7.12,0.06796,1601.21,58.47,0.359,7.42,40.99,7.23
2022-07-25,21330.3,0.478,6.5,0.06216,1450.48,54.5,0.337,6.8,36.7,7.13
2022-07-26,21235.61,0.468,6.33,0.06262,1438.99,53.79,0.337,6.76,36.23,6.63
2022-07-27,22908.88,0.509,6.84,0.06696,1636.95,58.91,0.36,7.56,40.3,8.04
2022-07-28,23822.07,0.514,7.22,0.06915,1723.55,63.44,0.372,7.86,42.83,9.26
2022-07-29,23847.58,0.526,7.93,0.06928,1739.04,61.1,0.37,8.25,42.14,8.99
2022-07-30,23653.46,0.526,7.81,0.06967,1696.79,60.36,0.387,8.22,43.8,8.77
2022-07-31,23379.7,0.518,7.68,0.06834,1682.01,59.88,0.381,8.68,42.48,8.41
2022-08-01,23333.75,0.514,7.6,0.06871,1636.02,59.46,0.379,8.18,41.7,8.38
2022-08-02,23053.85,0.5,7.23,0.0669,1638.38,58.38,0.372,7.99,40.21,8.35
2022-08-03,22860.42,0.503,7.28,0.06635,1621.34,57.79,0.37,8.02,38.63,8.99
2022-08-04,22678.36,0.502,7.37,0.06758,1612.42,59.95,0.373,8.11,38.94,8.86
2022-08-05,23225.04,0.517,7.84,0.06969,1725.38,62.29,0.377,8.78,40.5,8.92
2022-08-06,22984.58,0.513,7.82,0.06882,1693.3,60.99,0.372,8.54,40.18,8.79
2022-08-07,23197.6,0.529,8.31,0.06898,1699.01,61.08,0.373,8.65,40.65,8.79
2022-08-08,23823.68,0.537,8.66,0.07021,1775.7,62.66,0.379,9.29,42.16,8.8
2022-08-09,23203.68,0.516,8.79,0.06944,1698.97,59.3,0.369,8.91,40.49,8.47
2022-08-10,23948.83,0.538,9.05,0.07135,1852.88,61.58,0.382,9.49,42.3,9.2
2022-08-11,23948.75,0.532,8.96,0.07098,1881.43,61.86,0.381,9.2,42.75,8.95
2022-08-12,24411.38,0.542,9.34,0.07253,1959.33,63.0,0.381,9.48,45.34,9.23
2022-08-13,24433.65,0.562,9.13,0.07316,1982.41,63.73,0.379,9.3,46.63,8.99
2022-08-14,24312.54,0.572,8.77,0.08191,1936.7,63.28,0.378,8.96,44.98,8.87
2022-08-15,24179.02,0.552,8.67,0.07694,1908.28,60.89,0.377,8.81,43.9,8.49
2022-08-16,23913.33,0.56,8.48,0.08719,1880.6,61.39,0.378,8.86,43.25,8.36
2022-08-17,23359.42,0.539,8.06,0.0806,1834.83,60.42,0.382,8.37,40.56,7.95
2022-08-18,23248.38,0.514,7.67,0.07511,1850.11,60.08,0.372,8.1,39.62,7.61
2022-08-19,20945.83,0.453,6.92,0.06822,1618.53,54.05,0.336,7.34,35.99,6.91
2022-08-20,21175.23,0.452,6.91,0.06966,1579.42,54.1,0.339,7.23,35.23,7.02
2022-08-21,21615.76,0.465,7.11,0.06962,1624.15,55.69,0.347,7.46,36.53,7.24
2022-08-22,21387.75,0.461,7.03,0.06849,1622.31,57.18,0.346,7.4,35.49,6.98
2022-08-23,21562.45,0.466,7.26,0.06894,1665.79,57.11,0.348,7.66,35.71,7.13
2022-08-24,21395.46,0.458,7.14,0.06801,1657.79,56.49,0.347,7.58,34.98,7.05
2022-08-25,21618.01,0.466,7.14,0.06925,1697.08,56.89,0.35,7.59,35.35,7.03
2022-08-26,20271.32,0.432,6.49,0.06366,1510.19,52.57,0.339,6.94,31.79,6.13
2022-08-27,20069.95,0.452,6.55,0.06378,1496.06,53.09,0.337,7.06,31.64,6.07
2022-08-28,19659.25,0.432,6.3,0.06228,1438.75,53.61,0.325,6.9,30.63,5.76
2022-08-29,20308.86,0.452,6.72,0.06405,1555.18,55.86,0.334,7.29,32.47,6.35
2022-08-30,19805.35,0.453,6.56,0.06166,1525.4,53.13,0.328,6.98,31.46,6.16
2022-08-31,20023.55,0.447,6.62,0.06131,1552.56,53.73,0.328,7.02,31.45,6.13
2022-09-01,20153.98,0.459,6.9,0.06253,1588.98,57.58,0.334,7.19,31.63,6.33
2022-09-02,19941.45,0.455,6.91,0.0616,1575.18,60.99,0.331,7.3,31.2,6.38
2022-09-03,19814.56,0.48,6.83,0.06273,1555.67,60.02,0.33,7.28,31.08,6.3
2022-09-04,19980.01,0.503,7.15,0.06326,1578.95,60.92,0.332,7.37,32.14,6.47
2022-09-05,19785.73,0.5,7.37,0.06285,1617.94,60.52,0.333,7.36,32.22,6.58
2022-09-06,18859.5,0.464,6.69,0.05909,1564.56,54.22,0.323,6.89,30.93,5.85
2022-09-07,19280.62,0.48,7.09,0.06118,1629.88,57.49,0.338,7.2,32.75,6.13
2022-09-08,19322.78,0.48,7.41,0.06104,1635.93,57.97,0.341,7.4,33.61,6.17
2022-09-09,21359.58,0.502,7.74,0.06395,1717.08,61.22,0.357,7.76,34.71,6.5
2022-09-10,21707.39,0.513,7.92,0.06483,1779.52,63.37,0.358,7.79,35.15,6.67
2022-09-11,21739.8,0.509,8.01,0.06358,1761.32,62.15,0.354,7.69,34.9,6.49
2022-09-12,22339.67,0.501,7.74,0.06376,1710.16,61.3,0.359,7.64,37.34,6.64
2022-09-13,20184.97,0.466,7.07,0.05967,1573.21,59.04,0.333,7.09,33.06,6.04
2022-09-14,20255.92,0.482,7.46,0.06126,1635.37,60.17,0.342,7.21,34.07,6.2
2022-09-15,19702.17,0.467,7.54,0.05875,1472.0,56.21,0.327,6.93,33.06,5.88
2022-09-16,19764.41,0.474,7.64,0.06042,1432.22,55.74,0.357,6.89,32.18,5.81
2022-09-17,20131.68,0.488,8.11,0.0623,1471.2,57.77,0.376,7.06,33.76,6.03
2022-09-18,19437.16,0.449,7.52,0.0576,1335.85,52.89,0.36,6.45,31.09,5.47
2022-09-19,19570.39,0.455,7.32,0.05872,1379.92,52.87,0.388,6.4,32.71,5.48
2022-09-20,18869.93,0.442,6.88,0.05851,1324.19,52.28,0.415,6.27,31.41,5.3
2022-09-21,18539.64,0.442,6.72,0.05749,1252.77,51.22,0.399,6.16,30.83,5.37
2022-09-22,19464.32,0.46,7.13,0.0598,1330.79,53.59,0.487,6.46,32.47,5.75
2022-09-23,19291.9,0.463,7.46,0.06338,1329.56,55.0,0.506,6.44,33.71,5.92
2022-09-24,18939.97,0.453,7.64,0.06338,1318.1,53.46,0.49,6.28,33.5,5.8
2022-09-25,18809.41,0.447,7.86,0.06136,1294.08,52.58,0.494,6.21,32.33,5.67
2022-09-26,19219.73,0.447,7.93,0.06113,1335.12,53.39,0.468,6.54,33.85,5.91
2022-09-27,19116.33,0.443,8.09,0.06066,1331.15,52.75,0.45,6.39,32.77,6.39
2022-09-28,19444.79,0.438,7.83,0.06082,1340.02,53.37,0.452,6.4,33.3,6.57
2022-09-29,19563.76,0.438,7.91,0.06075,1335.74,53.96,0.485,6.42,33.94,6.37
2022-09-30,19476.93,0.434,7.59,0.06172,1329.15,53.44,0.48,6.32,33.25,6.45
2022-10-01,19314.46,0.431,7.39,0.06068,1311.26,52.93,0.475,6.27,32.46,6.4
2022-10-02,19065.15,0.42,7.14,0.05933,1277.9,51.9,0.45,6.18,32.1,6.25
2022-10-03,19620.57,0.428,7.33,0.06036,1323.5,54.21,0.463,6.38,32.98,6.64
2022-10-04,20345.4,0.436,7.73,0.06614,1363.24,55.3,0.48,6.5,34.13,6.65
2022-10-05,20161.83,0.431,7.88,0.06464,1352.59,54.58,0.49,6.43,34.09,6.8
2022-10-06,19949.05,0.429,7.64,0.0635,1351.43,53.53,0.494,6.34,33.34,6.86
2022-10-07,19457.31,0.425,7.62,0.06187,1324.89,52.59,0.516,6.3,32.92,6.75
2022-10-08,19418.04,0.422,7.45,0.06166,1315.86,52.79,0.517,6.31,32.6,6.52
2022-10-09,19448.15,0.423,7.62,0.06214,1322.27,53.91,0.534,6.47,32.91,6.63
2022-10-10,19142.7,0.402,7.42,0.05954,1291.08,52.73,0.497,6.26,31.97,6.4
2022-10-11,19058.63,0.391,7.12,0.06028,1279.88,52.03,0.485,6.18,30.79,5.99
2022-10-12,19153.04,0.381,7.15,0.05994,1294.27,52.2,0.488,6.17,31.14,6.06
2022-10-13,19383.94,0.379,7.04,0.05969,1288.16,51.22,0.481,6.12,30.58,6.13
2022-10-14,19198.11,0.367,6.9,0.05869,1297.63,51.3,0.489,6.05,30.04,6.3
2022-10-15,19072.78,0.364,6.89,0.05861,1275.69,50.46,0.482,6.05,29.58,6.04
2022-10-16,19272.92,0.37,7.17,0.0589,1306.94,51.49,0.477,6.19,30.17,6.1
2022-10-17,19557.9,0.373,7.35,0.06008,1333.44,51.92,0.481,6.26,31.24,6.41
2022-10-18,19348.03,0.363,7.13,0.05992,1311.81,51.93,0.467,6.16,30.2,6.54
2022-10-19,19134.24,0.35,6.78,0.05872,1284.65,50.93,0.451,6.1,28.9,6.6
2022-10-20,19031.16,0.34,6.66,0.05953,1282.04,51.16,0.448,5.88,28.07,6.09
2022-10-21,19173.28,0.349,6.81,0.0594,1299.8,51.63,0.461,5.83,28.11,6.03
2022-10-22,19203.86,0.352,6.87,0.05975,1313.77,52.16,0.466,5.85,28.02,6.09
2022-10-23,19574.82,0.362,7.06,0.06037,1364.49,53.91,0.469,5.96,29.24,6.29
2022-10-24,19316.94,0.357,6.9,0.05947,1343.33,52.52,0.453,5.91,28.27,6.13
2022-10-25,20095.15,0.403,7.08,0.06274,1462.05,56.12,0.461,6.45,30.94,6.57
2022-10-26,20774.25,0.403,7.16,0.07273,1568.75,56.4,0.469,6.47,31.28,6.72
2022-10-27,20278.37,0.389,6.91,0.07721,1514.86,54.82,0.462,6.34,30.65,6.83
2022-10-28,20591.24,0.404,7.11,0.08412,1555.03,54.99,0.473,6.52,32.11,6.87
2022-10-29,20800.71,0.418,7.58,0.11996,1619.43,56.45,0.469,6.63,32.84,7.07
2022-10-30,20623.87,0.405,7.78,0.11757,1591.05,55.38,0.458,6.65,32.91,6.9
2022-10-31,20494.6,0.406,7.86,0.12677,1572.98,55.07,0.465,6.63,32.6,6.97
2022-11-01,20489.65,0.401,7.7,0.1425,1580.38,55.14,0.464,6.47,32.24,7.13
2022-11-02,20162.98,0.386,7.43,0.12788,1520.64,60.43,0.451,6.25,30.79,7.1
2022-11-03,20210.91,0.389,7.7,0.12249,1531.11,61.98,0.455,6.42,30.83,6.93
2022-11-04,21150.32,0.422,8.75,0.126,1644.19,67.56,0.502,7.07,33.79,7.54
2022-11-05,21282.98,0.427,8.66,0.12433,1626.81,69.66,0.493,7.02,36.72,7.69
2022-11-06,20907.0,0.404,8.12,0.11465,1572.95,67.94,0.471,6.82,32.77,7.08
2022-11-07,20597.76,0.404,8.88,0.11107,1569.99,67.73,0.466,7.12,29.55,7.01
2022-11-08,18562.35,0.372,7.72,0.08872,1334.29,57.35,0.409,6.31,24.23,6.06
2022-11-09,15742.44,0.316,6.21,0.07481,1095.18,50.22,0.332,5.39,14.0,4.85
2022-11-10,17594.92,0.37,7.21,0.09087,1301.55,60.42,0.399,5.96,17.84,5.76
2022-11-11,17080.22,0.356,7.05,0.08637,1293.91,61.36,0.39,5.78,16.63,6.12
2022-11-12,16797.99,0.34,6.25,0.08883,1255.6,59.71,0.367,5.77,14.71,5.54
2022-11-13,16344.34,0.33,6.07,0.08579,1223.01,57.45,0.342,5.75,13.25,5.83
2022-11-14,16645.83,0.333,6.28,0.0867,1242.0,56.6,0.378,5.86,14.1,6.07
2022-11-15,16890.53,0.338,6.43,0.08744,1252.71,58.04,0.391,5.92,14.36,6.29
2022-11-16,16689.4,0.333,6.2,0.08616,1217.7,57.57,0.378,5.72,14.36,5.97
2022-11-17,16718.36,0.326,6.23,0.08496,1201.79,62.42,0.384,5.68,13.66,5.74
2022-11-18,16707.02,0.327,6.19,0.08499,1213.5,62.63,0.385,5.65,13.3,5.85
2022-11-19,16712.73,0.329,6.15,0.08496,1218.89,63.83,0.387,5.61,12.88,5.77
2022-11-20,16304.08,0.313,5.78,0.07773,1144.25,62.03,0.364,5.3,12.35,5.44
2022-11-21,15814.34,0.306,5.88,0.07512,1110.29,61.4,0.368,5.2,11.92,5.2
2022-11-22,16171.63,0.312,6.39,0.07869,1135.18,70.34,0.377,5.27,12.44,5.28
2022-11-23,16608.01,0.319,6.72,0.08234,1184.46,79.22,0.383,5.44,14.42,5.49
2022-11-24,16596.04,0.317,6.83,0.08183,1204.21,78.82,0.404,5.39,14.59,5.45
2022-11-25,16524.45,0.316,6.86,0.08985,1198.98,74.04,0.411,5.27,14.08,5.42
2022-11-26,16456.16,0.314,7.15,0.0895,1205.66,76.34,0.399,5.3,14.17,5.41
2022-11-27,16459.15,0.314,6.92,0.09926,1196.2,75.01,0.399,5.3,14.11,5.41
2022-11-28,16222.21,0.307,7.22,0.09545,1170.12,74.16,0.392,5.13,13.34,5.3
2022-11-29,16441.98,0.31,7.33,0.10248,1216.94,75.98,0.4,5.31,13.37,5.46
2022-11-30,17186.5,0.32,7.7,0.10764,1298.94,79.34,0.411,5.48,14.15,5.88
2022-12-01,16972.73,0.315,7.7,0.10208,1276.64,77.51,0.399,5.4,13.51,5.89
2022-12-02,17084.87,0.32,7.63,0.10265,1293.95,78.18,0.399,5.65,13.77,6.34
2022-12-03,16923.38,0.321,7.26,0.10024,1243.04,76.63,0.39,5.5,13.33,6.1
2022-12-04,17149.93,0.324,7.46,0.10464,1282.42,77.32,0.393,5.61,13.78,6.28
2022-12-05,16973.37,0.32,7.28,0.10182,1259.76,80.26,0.391,5.49,13.87,6.18
2022-12-06,17085.64,0.319,7.14,0.10045,1271.94,79.97,0.392,5.5,14.3,6.18
2022-12-07,16851.3,0.311,6.89,0.096,1233.63,77.02,0.384,5.3,13.54,6.02
2022-12-08,17235.01,0.315,7.01,0.09863,1281.21,78.51,0.395,5.43,13.69,6.18
2022-12-09,17149.82,0.312,6.87,0.09695,1264.48,76.4,0.39,5.3,13.61,6.16
2022-12-10,17125.36,0.313,6.85,0.09649,1264.79,76.34,0.388,5.27,13.59,6.07
2022-12-11,17101.04,0.308,6.71,0.09304,1264.32,76.6,0.383,5.17,13.44,5.93
2022-12-12,17179.6,0.307,6.68,0.09043,1275.33,76.2,0.388,5.17,13.32,5.92
2022-12-13,17784.16,0.312,6.91,0.09105,1319.41,77.27,0.395,5.28,13.83,6.09
2022-12-14,17808.72,0.308,6.73,0.08854,1308.4,75.47,0.387,5.22,14.15,5.92
2022-12-15,17338.36,0.3,6.43,0.08453,1263.75,72.16,0.378,5.21,13.99,5.79
2022-12-16,16623.76,0.264,5.88,0.07603,1165.97,66.16,0.353,4.65,12.27,5.3
2022-12-17,16806.49,0.267,6.04,0.07942,1189.43,65.05,0.356,4.72,12.53,5.4
2022-12-18,16742.82,0.267,5.95,0.07895,1186.78,64.41,0.351,4.66,12.42,5.33
2022-12-19,16422.56,0.253,5.79,0.07149,1166.99,63.33,0.339,4.47,11.94,5.09
2022-12-20,16899.33,0.259,6.02,0.07502,1217.89,65.7,0.35,4.61,12.28,5.36
2022-12-21,16816.85,0.253,5.99,0.07372,1213.34,65.3,0.347,4.48,12.12,5.31
2022-12-22,16824.79,0.257,6.0,0.07708,1217.85,66.15,0.35,4.53,11.79,5.36
2022-12-23,16791.46,0.26,5.94,0.07736,1220.7,65.78,0.355,4.47,11.8,5.26
2022-12-24,16848.57,0.26,5.92,0.0777,1221.36,65.81,0.353,4.45,11.47,5.2
2022-12-25,16842.18,0.26,5.99,0.07604,1219.29,69.25,0.347,4.49,11.4,5.15
2022-12-26,16900.08,0.265,6.04,0.07573,1226.25,70.52,0.366,4.57,11.3,5.19
2022-12-27,16701.84,0.26,5.9,0.07368,1211.82,68.72,0.368,4.48,11.08,5.18
2022-12-28,16538.91,0.248,5.67,0.07039,1188.73,66.28,0.356,4.28,9.77,4.97
2022-12-29,16644.38,0.244,5.6,0.0711,1201.54,66.73,0.343,4.31,9.6,5.05
2022-12-30,16604.02,0.246,5.47,0.06841,1199.11,67.94,0.345,4.32,9.89,5.09
2022-12-31,16540.69,0.246,5.57,0.07034,1196.61,69.95,0.34,4.31,9.96,5.16
2023-01-01,16615.97,0.25,5.62,0.07027,1200.66,70.76,0.339,4.37,9.97,5.24
2023-01-02,16674.34,0.254,5.68,0.07143,1214.38,74.81,0.349,4.49,11.27,5.37
2023-01-03,16677.65,0.253,5.62,0.07054,1214.76,75.63,0.344,4.53,13.36,5.38
2023-01-04,16855.18,0.268,5.81,0.07326,1256.44,75.5,0.348,4.63,13.46,5.53
2023-01-05,16832.1,0.269,5.65,0.07154,1250.79,74.16,0.338,4.62,13.44,5.37
2023-01-06,16960.23,0.279,5.72,0.0726,1270.03,75.99,0.345,4.69,13.52,5.52
2023-01-07,16950.86,0.277,5.83,0.07233,1264.84,76.36,0.345,4.67,13.09,5.42
2023-01-08,17074.62,0.294,5.92,0.07335,1284.58,77.51,0.345,4.78,14.37,5.56
2023-01-09,17194.91,0.317,6.07,0.07594,1321.68,81.77,0.35,4.89,16.3,5.8
2023-01-10,17436.9,0.323,6.15,0.07764,1336.02,80.82,0.352,4.92,16.2,5.79
2023-01-11,17996.83,0.323,6.3,0.0783,1389.77,84.4,0.375,5.13,16.46,5.93
2023-01-12,18866.81,0.33,6.38,0.08031,1417.13,85.94,0.376,5.23,16.62,6.17
2023-01-13,19941.78,0.345,6.6,0.08432,1453.38,86.44,0.387,5.4,18.28,6.3
2023-01-14,21019.21,0.352,6.85,0.08755,1549.11,87.6,0.396,6.03,24.3,6.65
2023-01-15,20853.23,0.35,6.69,0.08614,1551.32,87.26,0.385,5.93,22.84,6.59
2023-01-16,21175.34,0.35,6.67,0.08369,1577.73,85.78,0.387,5.81,23.59,6.54
2023-01-17,21156.78,0.347,6.83,0.08308,1569.53,87.2,0.388,5.96,22.88,6.35
2023-01-18,20726.84,0.328,6.36,0.08037,1516.56,82.87,0.38,5.66,20.86,6.06
2023-01-19,21081.67,0.34,6.52,0.08172,1550.51,84.18,0.394,5.8,21.41,6.15
2023-01-20,22705.83,0.364,6.96,0.08647,1661.33,90.61,0.414,6.25,25.58,6.69
2023-01-21,22771.02,0.369,6.87,0.08471,1625.91,87.98,0.404,6.25,24.67,6.66
2023-01-22,22736.66,0.378,7.0,0.0885,1630.84,87.66,0.402,6.21,24.27,6.91
2023-01-23,22984.88,0.376,7.04,0.08891,1632.96,90.19,0.427,6.59,24.43,6.73
2023-01-24,22610.01,0.359,6.65,0.08406,1557.06,87.19,0.409,6.19,22.79,6.28
2023-01-25,23180.42,0.374,6.98,0.08704,1614.68,89.62,0.419,6.42,24.66,6.61
2023-01-26,23024.75,0.381,7.17,0.08666,1602.85,87.53,0.411,6.47,24.36,6.77
2023-01-27,23082.86,0.39,7.38,0.08738,1598.47,88.87,0.414,6.57,24.41,6.86
2023-01-28,23022.23,0.383,7.21,0.08803,1573.06,89.66,0.41,6.39,23.99,6.63
2023-01-29,23797.46,0.397,7.39,0.09038,1646.52,95.05,0.415,6.62,26.18,6.93
2023-01-30,22840.39,0.373,6.91,0.08828,1568.65,91.44,0.396,6.2,23.96,6.52
2023-01-31,23137.32,0.392,6.96,0.09645,1586.54,94.4,0.407,6.27,23.96,6.57
2023-02-01,23725.16,0.398,7.22,0.09437,1642.86,100.53,0.415,6.47,24.98,6.81
2023-02-02,23539.68,0.399,7.12,0.09149,1648.68,98.97,0.411,6.56,24.32,7.13
2023-02-03,23451.58,0.405,7.3,0.0932,1665.43,99.92,0.412,7.01,24.69,7.08
2023-02-04,23340.35,0.4,7.25,0.09575,1667.27,98.51,0.412,6.9,24.35,7.21
2023-02-05,22946.29,0.393,6.99,0.09227,1631.37,96.43,0.4,6.64,23.51,6.9
2023-02-06,22786.48,0.383,6.83,0.0897,1617.14,96.11,0.394,6.5,22.72,6.65
2023-02-07,23294.91,0.4,7.2,0.0928,1672.82,100.99,0.405,6.95,23.9,7.0
2023-02-08,22947.51,0.395,7.13,0.09041,1651.41,99.24,0.399,6.76,23.21,6.81
2023-02-09,21820.89,0.363,6.98,0.08161,1546.38,92.12,0.383,6.23,20.44,6.31
2023-02-10,21630.13,0.359,6.91,0.0813,1515.53,93.46,0.384,6.19,20.12,6.36
2023-02-11,21889.43,0.37,7.01,0.0825,1541.97,94.51,0.385,6.28,20.84,6.49
2023-02-12,21779.87,0.364,6.8,0.08216,1515.33,92.32,0.376,6.16,21.44,6.34
2023-02-13,21807.83,0.36,6.67,0.08244,1506.92,91.21,0.372,6.12,20.78,6.25
2023-02-14,22220.07,0.387,6.82,0.08379,1556.96,95.65,0.383,6.23,21.85,6.59
2023-02-15,24307.88,0.413,7.3,0.08922,1674.86,102.83,0.401,6.61,23.89,6.93
2023-02-16,23756.91,0.391,7.06,0.08529,1646.14,99.26,0.387,6.39,22.34,6.51
2023-02-17,24628.82,0.405,7.68,0.0878,1697.08,100.41,0.395,7.3,23.19,6.74
2023-02-18,24642.79,0.407,8.0,0.08893,1692.52,99.69,0.394,7.25,23.45,6.98
2023-02-19,24284.48,0.399,7.96,0.08692,1680.38,97.46,0.386,7.44,24.81,7.19
2023-02-20,24786.67,0.403,8.0,0.08816,1700.2,95.91,0.398,7.53,26.04,7.34
2023-02-21,24417.39,0.392,7.63,0.08543,1656.58,93.69,0.391,7.25,24.92,7.03
2023-02-22,24146.1,0.389,7.71,0.08546,1643.17,95.06,0.395,7.17,24.17,6.92
2023-02-23,23951.11,0.384,7.95,0.08437,1651.85,94.76,0.39,7.09,23.92,6.94
2023-02-24,23172.29,0.366,7.45,0.08102,1608.1,91.53,0.379,6.61,23.06,6.57
2023-02-25,23157.04,0.363,7.39,0.08089,1593.95,93.17,0.379,6.54,22.41,6.46
2023-02-26,23541.12,0.369,7.49,0.0823,1640.58,95.17,0.378,6.68,23.23,6.6
2023-02-27,23518.12,0.365,7.28,0.08147,1633.98,94.04,0.379,6.58,22.69,6.44
2023-02-28,23155.54,0.353,7.19,0.08095,1606.63,93.73,0.378,6.35,21.92,6.49
2023-03-01,23634.33,0.361,7.53,0.08213,1663.93,97.78,0.384,6.53,22.51,6.84
2023-03-02,23464.34,0.35,7.26,0.08056,1647.66,95.28,0.378,6.32,21.97,6.63
2023-03-03,22367.43,0.344,6.95,0.07703,1570.67,90.58,0.38,6.03,21.41,6.27
2023-03-04,22348.33,0.337,6.86,0.07484,1568.5,89.29,0.375,5.91,20.96,6.15
2023-03-05,22421.89,0.338,6.94,0.07496,1563.23,89.98,0.369,5.99,21.0,6.35
2023-03-06,22415.11,0.331,6.86,0.07501,1567.35,87.41,0.371,5.92,20.63,6.34
2023-03-07,22217.21,0.331,6.87,0.0742,1563.81,86.36,0.381,5.86,20.27,6.43
2023-03-08,21712.65,0.318,6.59,0.07132,1535.26,82.83,0.39,5.6,18.43,6.1
2023-03-09,20376.32,0.31,6.17,0.06616,1440.17,76.71,0.373,5.38,17.33,5.75
2023-03-10,20195.23,0.316,6.22,0.06611,1429.6,71.76,0.372,5.56,18.21,5.63
2023-03-11,20521.56,0.306,6.16,0.06647,1474.4,69.29,0.366,5.47,18.07,5.44
2023-03-12,22095.71,0.331,6.59,0.07101,1588.2,76.09,0.372,5.91,20.34,5.92
2023-03-13,24178.96,0.344,6.76,0.0731,1678.92,81.7,0.374,6.1,20.38,6.1
2023-03-14,24758.76,0.344,6.99,0.07502,1708.3,84.34,0.375,6.24,20.98,6.34
2023-03-15,24470.88,0.326,6.57,0.07015,1658.07,76.61,0.362,5.89,19.34,5.94
2023-03-16,25161.27,0.327,6.71,0.07333,1679.79,79.43,0.368,6.13,19.83,5.96
2023-03-17,27466.68,0.35,7.23,0.07673,1793.3,85.6,0.381,6.64,21.64,6.43
2023-03-18,27107.79,0.339,6.96,0.07343,1769.43,83.34,0.376,6.35,21.32,6.52
2023-03-19,28186.84,0.349,7.12,0.07528,1801.37,85.02,0.389,6.51,22.02,6.54
2023-03-20,27929.17,0.335,7.1,0.07213,1744.44,78.65,0.377,6.12,22.32,6.23
2023-03-21,28264.24,0.373,7.43,0.07733,1811.41,82.98,0.471,6.41,22.74,6.46
2023-03-22,27449.26,0.363,7.21,0.07454,1747.64,87.86,0.425,6.09,21.58,6.12
2023-03-23,28459.74,0.374,7.65,0.07796,1824.96,94.12,0.448,6.35,22.31,6.28
2023-03-24,27595.5,0.362,7.24,0.07524,1751.22,93.58,0.427,6.02,20.77,5.89
2023-03-25,27670.2,0.355,7.13,0.07467,1753.98,92.04,0.449,5.94,20.59,5.75
2023-03-26,28048.47,0.357,7.27,0.07461,1776.87,93.59,0.451,6.05,20.98,5.8
2023-03-27,27182.3,0.347,6.89,0.07323,1719.17,89.43,0.48,5.88,19.96,5.66
2023-03-28,27291.35,0.369,6.96,0.07414,1776.04,89.23,0.517,6.07,20.5,5.83
2023-03-29,28395.0,0.383,7.39,0.07584,1795.54,91.46,0.545,6.19,21.13,5.96
2023-03-30,28041.12,0.377,7.24,0.07447,1792.91,89.12,0.537,6.12,20.57,5.9
2023-03-31,28516.78,0.399,7.6,0.07723,1824.02,89.71,0.539,6.34,21.21,6.06
2023-04-01,28498.94,0.394,7.55,0.08186,1823.0,92.68,0.511,6.35,21.08,6.1
2023-04-02,28236.51,0.382,7.27,0.07933,1797.74,93.12,0.521,6.27,20.57,5.95
2023-04-03,27815.43,0.388,7.24,0.09615,1810.47,93.03,0.498,6.43,20.44,5.93
2023-04-04,28175.33,0.39,7.38,0.09518,1871.33,92.53,0.504,6.44,20.92,6.16
2023-04-05,28197.2,0.393,7.33,0.09306,1911.34,92.69,0.506,6.41,20.98,6.23
2023-04-06,28042.98,0.384,7.2,0.08551,1872.25,90.92,0.503,6.28,20.61,6.08
2023-04-07,27934.44,0.384,7.28,0.08254,1866.66,90.6,0.514,6.19,20.48,6.01
2023-04-08,27968.13,0.386,7.15,0.08147,1851.05,90.0,0.506,6.14,20.04,5.92
2023-04-09,28351.24,0.39,7.21,0.08337,1859.94,90.68,0.506,6.21,20.3,5.92
2023-04-10,29657.97,0.397,7.35,0.08485,1909.88,93.83,0.518,6.29,20.88,6.02
2023-04-11,30260.94,0.402,7.31,0.08425,1892.94,94.24,0.517,6.43,23.01,5.94
2023-04-12,29904.14,0.405,7.24,0.08352,1920.22,92.16,0.505,6.41,23.83,5.95
2023-04-13,30405.03,0.426,7.47,0.08759,2012.79,94.25,0.514,6.64,24.43,6.2
2023-04-14,30468.41,0.439,7.75,0.08874,2102.95,96.38,0.524,6.73,24.77,6.31
2023-04-15,30312.16,0.454,8.01,0.08902,2093.17,96.85,0.521,6.81,24.08,6.27
2023-04-16,30304.81,0.452,8.13,0.09039,2118.6,100.22,0.521,6.83,25.3,6.31
2023-04-17,29467.46,0.435,8.17,0.09161,2077.54,98.68,0.511,6.7,24.58,6.13
2023-04-18,30365.9,0.444,8.57,0.09398,2103.28,101.82,0.531,6.92,24.83,6.33
2023-04-19,28833.22,0.415,7.77,0.08767,1936.43,90.14,0.491,6.31,22.67,5.83
2023-04-20,28255.58,0.401,7.51,0.08399,1943.44,90.23,0.475,6.11,22.18,5.78
2023-04-21,27300.16,0.383,7.12,0.0785,1850.15,85.48,0.45,5.85,21.26,5.46
2023-04-22,27861.64,0.397,7.2,0.08055,1877.54,87.16,0.474,5.96,21.85,5.5
2023-04-23,27606.58,0.389,7.09,0.07896,1863.64,86.88,0.465,5.92,21.5,5.43
2023-04-24,27511.64,0.384,7.07,0.07888,1842.63,88.37,0.461,5.89,21.39,5.36
2023-04-25,28351.22,0.395,7.28,0.07998,1870.57,91.23,0.47,6.01,21.94,5.47
2023-04-26,28352.19,0.401,7.0,0.07863,1867.59,88.1,0.462,5.85,21.26,5.34
2023-04-27,29483.52,0.41,7.18,0.08026,1910.46,89.71,0.467,5.97,22.34,5.56
2023-04-28,29340.0,0.405,7.05,0.08043,1894.43,89.71,0.48,5.95,23.37,5.53
2023-04-29,29217.94,0.403,7.18,0.08157,1905.27,91.0,0.478,6.03,23.13,5.62
2023-04-30,29362.06,0.398,7.07,0.07995,1885.39,88.72,0.473,5.91,23.0,5.48
2023-05-01,28125.5,0.387,6.91,0.07895,1832.73,86.76,0.465,5.67,22.01,5.34
2023-05-02,28654.39,0.392,6.99,0.07883,1870.83,88.31,0.465,5.72,22.26,5.32
2023-05-03,28988.32,0.394,7.12,0.0797,1903.73,88.79,0.463,5.78,22.22,5.39
2023-05-04,28846.46,0.388,7.0,0.07846,1877.4,88.49,0.462,5.67,21.74,5.26
2023-05-05,29520.32,0.395,7.23,0.08037,1993.61,88.7,0.468,5.85,22.82,5.55
2023-05-06,28887.74,0.38,6.94,0.07691,1900.41,83.49,0.46,5.65,21.99,5.3
2023-05-07,28611.44,0.378,6.94,0.07703,1895.23,83.82,0.453,5.66,22.0,5.3
2023-05-08,27696.76,0.366,6.59,0.07256,1849.29,77.88,0.43,5.37,20.66,4.98
2023-05-09,27607.39,0.364,6.52,0.07317,1846.06,79.91,0.43,5.32,20.66,4.95
2023-05-10,27639.73,0.371,6.6,0.07339,1842.87,81.14,0.432,5.48,20.98,5.13
2023-05-11,27024.77,0.361,6.37,0.07217,1798.07,81.15,0.423,5.29,20.25,5.07
2023-05-12,26787.69,0.371,6.63,0.07273,1808.69,80.57,0.432,5.35,20.92,5.2
2023-05-13,26798.13,0.365,6.5,0.0719,1797.2,80.21,0.426,5.35,20.9,5.1
2023-05-14,26911.8,0.371,6.54,0.0721,1799.01,83.36,0.426,5.35,20.94,5.13
2023-05-15,27227.79,0.368,6.65,0.07218,1820.04,87.17,0.428,5.33,21.04,5.13
2023-05-16,27022.71,0.368,6.66,0.07276,1823.66,90.01,0.441,5.3,20.69,5.15
2023-05-17,27389.97,0.375,6.75,0.0749,1821.05,93.78,0.449,5.41,21.06,5.32
2023-05-18,26842.95,0.373,6.53,0.07362,1802.39,90.51,0.461,5.34,20.35,5.3
2023-05-19,26884.37,0.369,6.51,0.0736,1812.13,91.75,0.469,5.37,20.35,5.32
2023-05-20,27093.79,0.366,6.5,0.07372,1818.97,92.3,0.47,5.41,20.27,5.28
2023-05-21,26773.83,0.361,6.43,0.07226,1804.93,92.34,0.459,5.27,19.63,5.11
2023-05-22,26869.69,0.368,6.53,0.07309,1818.4,90.84,0.462,5.31,19.56,5.08
2023-05-23,27222.94,0.371,6.5,0.07296,1854.19,91.66,0.466,5.4,20.05,5.07
2023-05-24,26338.95,0.364,6.33,0.07085,1800.74,85.99,0.454,5.26,19.21,4.98
2023-05-25,26475.61,0.359,6.28,0.07093,1805.81,86.52,0.454,5.24,19.26,4.95
2023-05-26,26717.99,0.363,6.35,0.07109,1828.96,87.22,0.47,5.25,19.37,4.98
2023-05-27,26848.24,0.367,6.44,0.07277,1830.31,88.57,0.472,5.33,20.41,5.04
2023-05-28,28110.31,0.383,6.64,0.07368,1913.82,91.56,0.484,5.51,20.82,5.15
2023-05-29,27759.75,0.379,6.64,0.07326,1893.71,90.96,0.494,5.46,20.57,5.11
2023-05-30,27713.91,0.378,6.61,0.07239,1901.08,92.33,0.522,5.44,21.25,5.13
2023-05-31,27245.47,0.375,6.49,0.07176,1874.69,90.63,0.519,5.32,20.82,5.02
2023-06-01,26824.1,0.365,6.34,0.07156,1861.73,93.95,0.508,5.21,20.51,4.99
2023-06-02,27247.74,0.378,6.46,0.07262,1907.21,95.39,0.526,5.28,21.26,5.06
2023-06-03,27066.37,0.376,6.42,0.07251,1892.08,95.92,0.52,5.33,21.15,5.08
2023-06-04,27315.45,0.379,6.46,0.07263,1893.18,94.33,0.538,5.33,21.87,5.02
2023-06-05,25792.62,0.352,6.07,0.06681,1813.68,87.93,0.512,5.08,20.08,4.74
2023-06-06,27216.62,0.354,6.26,0.07041,1883.24,90.86,0.532,5.21,20.4,4.78
2023-06-07,26346.24,0.322,5.92,0.06741,1832.32,88.85,0.521,5.02,18.65,4.54
2023-06-08,26507.91,0.323,5.99,0.068,1846.03,88.46,0.525,5.02,18.92,4.64
2023-06-09,26469.58,0.295,5.98,0.06959,1839.21,89.14,0.539,4.98,17.32,4.58
2023-06-10,25858.12,0.276,5.25,0.06203,1754.67,77.34,0.511,4.53,15.71,4.08
2023-06-11,25916.58,0.273,5.17,0.06168,1751.72,77.62,0.523,4.52,15.55,4.05
2023-06-12,25910.36,0.276,5.16,0.06157,1742.6,77.59,0.527,4.53,15.22,4.31
2023-06-13,25872.21,0.275,5.29,0.06178,1736.79,77.33,0.522,4.62,15.0,4.28
2023-06-14,25107.76,0.263,5.24,0.06048,1650.68,73.15,0.482,4.57,14.51,4.41
2023-06-15,25564.6,0.262,5.3,0.06162,1664.98,74.45,0.482,4.37,14.74,4.43
2023-06-16,26327.33,0.263,5.32,0.06219,1716.38,76.03,0.477,4.42,15.31,4.55
2023-06-17,26501.04,0.267,5.28,0.06226,1726.37,76.8,0.481,4.52,15.63,4.52
2023-06-18,26333.09,0.261,5.16,0.06235,1719.27,77.12,0.489,4.53,15.43,4.47
2023-06-19,26779.39,0.263,5.12,0.06238,1734.79,77.37,0.494,4.52,16.04,4.47
2023-06-20,28330.89,0.27,5.26,0.06295,1790.19,80.42,0.492,4.67,16.63,4.57
2023-06-21,30101.76,0.287,5.56,0.06583,1892.9,85.19,0.501,4.83,17.26,4.78
2023-06-22,29935.63,0.29,5.57,0.06568,1874.18,86.12,0.495,4.83,16.65,4.73
2023-06-23,30629.24,0.296,6.05,0.06826,1891.35,91.1,0.496,5.1,17.1,4.86
2023-06-24,30537.82,0.29,6.14,0.06671,1875.06,89.53,0.487,5.01,16.63,4.73
2023-06-25,30454.76,0.292,6.15,0.06669,1899.15,88.21,0.49,5.19,16.96,5.45
2023-06-26,30285.5,0.281,6.07,0.06477,1859.8,87.24,0.479,5.02,16.28,5.27
2023-06-27,30693.55,0.286,6.2,0.06555,1890.01,87.97,0.484,5.09,16.6,5.27
2023-06-28,30083.48,0.267,5.82,0.06256,1828.46,83.09,0.465,4.88,16.0,4.83
2023-06-29,30466.61,0.276,5.9,0.06346,1853.45,84.86,0.475,4.99,18.0,4.93
2023-06-30,30480.78,0.287,6.31,0.06644,1934.05,107.96,0.474,5.17,18.93,5.28
2023-07-01,30583.62,0.292,6.5,0.06843,1924.57,107.12,0.473,5.35,18.61,5.59
2023-07-02,30571.89,0.292,6.52,0.06791,1933.96,113.17,0.484,5.49,19.45,5.55
2023-07-03,31134.71,0.296,6.62,0.06832,1953.78,106.71,0.49,5.41,19.21,5.51
2023-07-04,30775.62,0.293,6.53,0.06898,1937.0,104.85,0.488,5.35,19.22,5.52
2023-07-05,30484.79,0.284,6.3,0.06699,1910.51,102.61,0.478,5.2,18.97,5.42
2023-07-06,29990.06,0.28,6.1,0.06518,1855.47,95.73,0.464,5.03,19.92,5.3
2023-07-07,30315.26,0.284,6.15,0.06539,1869.32,98.15,0.468,5.11,21.44,5.47
2023-07-08,30264.2,0.291,6.19,0.06578,1864.87,97.84,0.47,5.12,21.9,5.24
2023-07-09,30169.87,0.284,6.14,0.06534,1866.92,95.24,0.468,5.08,21.35,5.23
2023-07-10,30394.28,0.288,6.17,0.0652,1875.27,96.69,0.477,5.13,21.3,5.24
2023-07-11,30620.81,0.293,6.2,0.06533,1875.87,96.82,0.475,5.21,22.07,5.25
2023-07-12,30407.42,0.289,6.25,0.06507,1873.51,96.4,0.471,5.15,22.0,5.28
2023-07-13,31446.02,0.357,7.07,0.07053,2003.25,101.72,0.813,5.54,25.99,5.85
2023-07-14,30311.83,0.329,6.94,0.06847,1935.94,94.89,0.72,5.45,26.71,5.85
2023-07-15,30297.97,0.326,6.92,0.07203,1931.39,94.72,0.713,5.43,27.35,5.8
2023-07-16,30237.34,0.315,6.61,0.06966,1923.04,92.78,0.748,5.31,27.37,5.73
2023-07-17,30147.86,0.313,7.19,0.06997,1912.12,92.28,0.739,5.3,26.86,5.91
2023-07-18,29848.03,0.307,6.92,0.06861,1897.2,91.47,0.781,5.18,25.53,5.89
2023-07-19,29919.88,0.324,6.91,0.07018,1889.22,92.19,0.821,5.2,26.35,5.88
2023-07-20,29787.04,0.316,8.36,0.0706,1891.01,92.31,0.793,5.35,25.34,6.0
2023-07-21,29914.68,0.313,8.16,0.07337,1891.47,94.03,0.773,5.49,25.59,6.21
2023-07-22,29710.16,0.308,7.85,0.07042,1858.31,91.85,0.731,5.3,24.46,5.98
2023-07-23,30057.96,0.317,7.89,0.07189,1887.83,93.12,0.738,5.4,24.77,6.15
2023-07-24,29184.9,0.305,7.59,0.07443,1850.43,89.18,0.704,5.22,23.42,5.78
2023-07-25,29222.98,0.304,7.4,0.08172,1857.6,89.47,0.71,5.18,23.27,5.79
2023-07-26,29363.67,0.307,7.76,0.07794,1871.53,90.68,0.716,5.24,25.15,5.84
2023-07-27,29200.24,0.307,7.99,0.07752,1858.78,90.41,0.713,5.23,25.09,5.87
2023-07-28,29314.1,0.31,7.79,0.07728,1874.69,91.5,0.712,5.22,24.83,6.0
2023-07-29,29356.75,0.313,7.86,0.0802,1880.92,94.52,0.713,5.25,25.16,6.34
2023-07-30,29277.76,0.315,7.56,0.07803,1861.87,94.16,0.705,5.19,24.27,6.42
2023-07-31,29233.14,0.307,7.55,0.07787,1857.28,92.32,0.699,5.11,23.76,6.54
2023-08-01,29537.11,0.309,7.64,0.07787,1869.75,93.64,0.707,5.19,23.93,6.67
2023-08-02,29146.64,0.299,7.34,0.07417,1838.01,87.37,0.685,5.05,23.13,6.15
2023-08-03,29176.15,0.292,7.13,0.07364,1835.7,82.8,0.664,4.98,22.65,6.1
2023-08-04,29087.94,0.293,7.14,0.07347,1828.46,82.12,0.636,4.99,22.81,6.06
2023-08-05,29046.8,0.294,7.22,0.0756,1835.07,83.08,0.628,4.97,22.63,6.08
2023-08-06,29044.2,0.292,7.09,0.07415,1826.71,82.39,0.622,4.99,23.16,5.94
2023-08-07,29178.15,0.29,7.28,0.07337,1826.93,82.32,0.621,4.96,23.05,5.86
2023-08-08,29779.56,0.298,7.45,0.07501,1856.84,83.96,0.643,5.06,24.2,6.09
2023-08-09,29585.49,0.301,7.7,0.07538,1855.89,84.08,0.644,5.06,24.38,6.27
2023-08-10,29423.82,0.296,7.61,0.07576,1850.88,83.03,0.633,5.0,24.62,6.19
2023-08-11,29396.85,0.293,7.48,0.07571,1847.54,83.51,0.632,5.0,24.58,6.18
2023-08-12,29412.14,0.292,7.44,0.0767,1848.51,83.4,0.627,5.03,24.89,6.22
2023-08-13,29284.97,0.289,7.37,0.07478,1839.51,81.95,0.626,4.98,24.22,6.09
2023-08-14,29400.59,0.29,7.41,0.07476,1843.51,82.04,0.635,4.99,25.15,6.26
2023-08-15,29332.75,0.288,7.28,0.07399,1829.05,81.75,0.627,4.96,24.08,6.01
